Type,Count - Type
Total Result,70301
disease,5414
ulcerative colitis,3080
inflammatory bowel disease,2945
irritable bowel syndrome,2581
colitis,1523
human,1153
pathogenesis,1080
bowel,995
bacteria,985
diarrhea,948
mucosal,817
inflammatory bowel diseases,781
gastrointestinal tract,613
growth,611
colon,603
constipation,457
immune system,449
adults,436
crohn disease,395
diarrhoea,367
cytokines,352
adult,346
mice,343
immune response,337
humans,336
celiac disease,305
fiber,302
necrosis,293
blood,278
intestine,277
cancer,244
tnf,243
clostridium difficile,242
ileal,242
mucosa,242
colorectal cancer,238
fatty acids,238
azathioprine,227
epithelial,223
vitamin d,215
hypersensitivity,214
homeostasis,209
obesity,206
allergic,195
metabolism,192
plasma,186
escherichia coli,184
intestinal mucosa,182
lactose,176
rectal,176
small intestine,174
secretion,173
hospital,172
fermentation,161
brain,155
gastroenteritis,152
ileum,149
lactobacilli,143
lactose intolerance,143
food allergy,140
immune responses,135
wheat,135
gastrointestinal disorder,134
liver,134
bifidobacteria,132
e. coli,132
colon cancer,131
colonic mucosa,129
inflammatory response,128
skin,124
osteoporosis,123
receptors,119
synthesis,116
allergy,113
dextran,113
il-6,111
intestinal epithelial cells,111
diabetes,110
methotrexate,109
lactobacillus,107
immune cells,105
mesalazine,105
metronidazole,105
mouse,103
il-10,102
saccharomyces,101
antioxidant,99
rats,99
colorectal,98
dyspepsia,97
fructose,97
serotonin,97
6-mercaptopurine,95
behavior,95
helicobacter pylori,93
short-chain fatty acids,93
epithelial cells,92
lactic acid,92
macrophages,92
c. difficile,91
rheumatoid arthritis,91
tnf-alpha,90
interleukin,89
virulence,89
hemolytic uremic syndrome,88
lamina propria,88
sodium sulfate,88
apoptosis,87
gut microbiome,87
child,86
ecosystem,86
necrotizing enterocolitis,85
short bowel syndrome,84
excretion,83
bacterium,82
sulfasalazine,82
defecation,81
yeast,81
anemia,80
coeliac disease,78
gene expression,78
calcium,77
bifidobacterium,75
flare,75
oxygen,75
budesonide,73
intracellular,73
signaling,73
dendritic cells,72
hydrogen,72
murine,71
fibers,70
infectious diarrhea,70
innate immunity,70
digestion,69
duodenal,68
mesalamine,68
hormone,67
rectum,67
cyclosporine,66
intestinal mucosal,66
c-reactive protein,65
il-8,65
cholesterol,64
microscopic colitis,64
5-aminosalicylic acid,62
digestive tract,62
folate,61
lymphocytes,61
eosinophils,59
fruits,59
t cells,59
tnbs,59
lactobacillus rhamnosus gg,58
pseudomembranous colitis,58
fruit,57
gastrointestinal disease,57
intestinal epithelial,56
lactase,56
lactobacillus gg,56
muscle,56
nod2,56
rat,56
saccharomyces cerevisiae,56
binding,55
cattle,55
large bowel,55
atopic dermatitis,54
bran,54
nuclear,54
epithelium,53
glucose,53
intestinal epithelium,53
selenium,53
short chain fatty acids,53
caco-2 cells,52
collagenous colitis,52
bovine,51
escherichia coli nissle 1917,51
pancreatitis,51
rifaximin,51
stomach,51
e. coli o157:h7,50
escherichia coli o157:h7,50
hormones,50
intestinal disease,50
large intestine,50
asthma,49
immunoglobulin,49
lactulose,49
colonic mucosal,48
anaemia,47
calprotectin,47
central nervous system,47
stx,47
cytokine production,46
germ,46
ileitis,46
lactobacillus acidophilus,46
mast cells,46
t-cell,46
transport,46
breast,45
eosinophilia,45
loperamide,45
alosetron,44
antioxidants,44
enteric nervous system,44
fructans,44
mucus,44
crypt,43
diverticulitis,43
lactobacillus plantarum,43
prednisolone,43
urine,43
5-ht,42
allergens,42
bile acids,42
eosinophilic gastroenteritis,42
inflammatory responses,42
ischemic colitis,42
lymphocytic colitis,42
mercaptopurine,42
prednisone,42
thiopurine,42
degradation,41
gut mucosa,41
toxic megacolon,41
vegetable,41
acute diarrhea,40
breakdown,40
gastritis,40
localization,40
lymphoma,40
metabolic syndrome,40
neutrophils,40
tumor necrosis factor alpha,40
arthritis,39
duodenum,39
growth factors,39
insulin,39
intestines,39
liver disease,39
lymphoid tissue,39
nf-kappab,39
puberty,39
sleep,39
tegaserod,39
type 2 diabetes,39
epithelial cell,38
hemolytic-uremic syndrome,38
linaclotide,38
peripheral blood,38
tumor necrosis factor-alpha,38
acute pancreatitis,37
autophagy,37
membrane,37
reservoir,37
enterobacteriaceae,36
wheat allergy,36
chemokines,35
clostridium difficile colitis,35
colonic transit,35
curcumin,35
enterocytes,35
lactobacillus casei,35
bacteroides,34
barley,34
cfu,34
firmicutes,34
food products,34
hospitals,34
human microbiome,34
interleukin-6,34
lubiprostone,34
serum albumin,34
soy,34
5-asa,33
carcinoma,33
distal colon,33
ecn,33
gastric emptying,33
jejunum,33
multiple sclerosis,33
peppermint oil,33
rotavirus,33
viruses,33
crp,32
erythrocyte,32
inflammatory cells,32
interleukin-10,32
kinase,32
peripheral blood mononuclear cells,32
vitamin b12,32
young adults,32
abdomen,31
arachidonic acid,31
bile acid,31
cell proliferation,31
faecalibacterium prausnitzii,31
fungi,31
il-12,31
lymphocyte,31
melatonin,31
myeloperoxidase activity,31
stenosis,31
abstract,30
eicosapentaenoic acid (epa,30
fibromyalgia,30
intestinal epithelial cell,30
intestinal motility,30
mononuclear cells,30
ciprofloxacin,29
human gut microbiota,29
myeloperoxidase,29
neutrophil,29
nitric oxide,29
primary sclerosing cholangitis,29
t cell,29
vitamin c,29
antidiarrheal,28
behaviour,28
bifidobacterium longum,28
collagen,28
colonocytes,28
cystic fibrosis,28
docosahexaenoic acid (dha,28
human immunodeficiency virus,28
ifn-gamma,28
ischemia,28
monocytes,28
proctitis,28
signaling pathways,28
sorbitol,28
style,28
thrombosis,28
triglycerides,28
akt,27
albumin,27
lactobacillus rhamnosus,27
mycobacterium avium,27
nucleotide-binding,27
phosphorylation,27
salmonella,27
stoma,27
stx2,27
tuberculosis,27
5-hydroxytryptamine,26
autism,26
clostridium,26
food hypersensitivity,26
il-1beta,26
immune systems,26
immunoglobulins,26
l. plantarum,26
leukocytes,26
mouth,26
stx1,26
tacrolimus,26
caco-2,25
folic acid,25
heart,25
mucosal immune response,25
protein synthesis,25
behaviors,24
cyclosporin,24
cytoplasmic,24
enterocyte,24
familial adenomatous polyposis,24
gliadin,24
haemolytic uraemic syndrome,24
il-13,24
intestinal obstruction,24
macrophage,24
mast cell,24
membranes,24
mesenteric lymph nodes,24
methane,24
nod2/card15,24
oral tolerance,24
plant,24
psoriasis,24
apical,23
bile salt,23
cholecystokinin,23
extracellular,23
hypertension,23
jejunal,23
leukocyte,23
lipid metabolism,23
mycobacteria,23
n-3 pufas,23
pro,23
scfas,23
sensitization,23
shigella,23
adaptive immune responses,22
asca,22
colonic disease,22
colonic epithelium,22
diabetes mellitus,22
e. coli nissle 1917,22
foxp3,22
gastro-intestinal tract,22
histamine,22
igg4,22
ileus,22
innate immune response,22
leptin,22
migraine,22
neonates,22
tailor,22
twins,22
azoxymethane,21
bone disease,21
campylobacter,21
cow,21
eosinophil,21
esophagus,21
hepatitis,21
low-fat,21
lung,21
nf-kappab activation,21
occludin,21
signalling,21
stat3,21
sulphasalazine,21
allergic disease,20
angiogenesis,20
atopic eczema,20
bacteroidetes,20
balsalazide,20
bone marrow,20
cecum,20
citrus,20
colonic epithelial cells,20
gallbladder,20
linoleic acid,20
o26,20
p65,20
pattern recognition receptors,20
proteobacteria,20
thalidomide,20
tissue transglutaminase,20
toll-like receptors,20
vitamin a,20
acetic acid,19
adrenal,19
aging,19
ankylosing spondylitis,19
atherosclerosis,19
cox-2,19
d-ibs,19
hemoglobin,19
il-1,19
il-17,19
ileocecal,19
immune cell,19
inflammasome,19
kidney,19
mpo,19
renal failure,19
reservoirs,19
respiratory tract,19
tnfalpha,19
anorexia nervosa,18
autoimmune disease,18
bypass,18
ca,18
corn,18
cytokine secretion,18
cytomegalovirus,18
dna methylation,18
eosinophilic esophagitis,18
ht-29 cells,18
il-2,18
il-8 production,18
lactobacillus reuteri,18
lactococcus lactis,18
lactoferrin,18
learning,18
low fat,18
mucosal immune responses,18
mucus layer,18
o111,18
rice,18
secretions,18
spleen,18
tlr4,18
vsl,18
antigen presentation,17
bifidobacterium breve,17
cd4  t,17
cecal,17
coronary heart disease,17
defensin,17
ethanol,17
il-4,17
ileal mucosa,17
ileocolitis,17
immunodeficiency,17
innate immune responses,17
interferon-gamma,17
lactobacillus paracasei,17
metabolic processes,17
n-6 fatty acids,17
nitric oxide synthase,17
pi3k,17
proteolysis,17
proton pump,17
regulatory t cells,17
rodent,17
skeletal muscle,17
smooth muscle,17
trypsin,17
vitamin e,17
"2,4,6-trinitrobenzene",16
25-hydroxyvitamin d,16
5-ht3,16
5-ht4,16
adenocarcinoma,16
bone resorption,16
caecal,16
caffeine,16
carrageenan,16
celiac sprue,16
cell membrane,16
chicken,16
chocolate,16
clostridia,16
cvd,16
gastroesophageal reflux disease,16
giardia lamblia,16
guar,16
host response,16
ht-29,16
infectious disease,16
inos,16
joint,16
juice,16
juvenile,16
mast cell activation,16
mycobacterium avium subsp. paratuberculosis,16
nervous system,16
oleic acid,16
peristalsis,16
prostaglandin e2,16
rye,16
short-bowel syndrome,16
sulfonic acid,16
symbiosis,16
ammonia,15
card15,15
clostridium perfringens,15
creatinine,15
cyclosporine a,15
fructo-oligosaccharides,15
gastroparesis,15
gestation,15
ghrelin,15
iron deficiency anemia,15
mammals,15
mannan,15
modulator,15
muc2,15
nicotine,15
pancreas,15
pili,15
platelet,15
red blood cell,15
retinol,15
stroke,15
t-cell activation,15
thyroid,15
vitamin k,15
aminosalicylate,14
apple,14
barium,14
bladder,14
caspase-3,14
cd103,14
clostridium butyricum,14
crohns disease,14
crypts,14
cyclooxygenase-2,14
dq2,14
functional diarrhea,14
gastrointestinal mucosa,14
host responses,14
inflammatory bowel syndrome,14
integrins,14
left colon,14
milk allergy,14
mycobacterial,14
o103,14
perinatal,14
protein-losing enteropathy,14
receptor antagonist,14
regeneration,14
serotonin receptor,14
sheep,14
sodium sulphate,14
t lymphocytes,14
urinary tract,14
b. breve,13
b. infantis,13
body fat,13
c difficile,13
caecum,13
campylobacter jejuni,13
cell surface,13
cell wall,13
cmv,13
e. coli o157,13
eczema,13
egfr,13
eicosapentaenoic acid,13
endothelial cells,13
enteroendocrine cells,13
fe,13
fos,13
gut epithelium,13
gut mucosal,13
hyperhomocysteinemia,13
interleukin 10,13
intestinal tuberculosis,13
kinases,13
l. lactis,13
ligands,13
monocyte,13
not available,13
nuclear receptor,13
oral cavity,13
pbmc,13
peripheral neuropathy,13
peritonitis,13
prevotella,13
prostate cancer,13
ramosetron,13
sarcoidosis,13
staphylococcus aureus,13
stasis,13
streptococcus thermophilus,13
superoxide dismutase,13
t-lymphocytes,13
th17 cell,13
vasculitis,13
zonula occludens,13
5ht3,12
6-mp,12
autonomic nervous system,12
bifidobacterium lactis,12
bowel dysfunction,12
calcineurin,12
channel,12
chloride channel,12
colon cancer cells,12
diversion colitis,12
diverticula,12
ecosystems,12
endoplasmic reticulum,12
enterococci,12
erk,12
escherichia coli o157,12
gastroesophageal reflux,12
glp-2,12
goblet cells,12
gut wall,12
helicobacter,12
heparin,12
hiv,12
il-23,12
intestinal absorption,12
lactobacillus rhamnosus strain gg,12
memory,12
nerve,12
nerves,12
octreotide,12
osmotic diarrhea,12
paneth cell,12
peppermint,12
phagocytes,12
pineal gland,12
pituitary,12
protein-energy malnutrition,12
somatostatin,12
submucosa,12
taurine,12
thiopurine methyltransferase,12
thyroiditis,12
transverse colon,12
trinitrobenzene sulfonic acid (tnbs,12
urban,12
1)h,11
25(oh)d,11
adiponectin,11
amitriptyline,11
aryl hydrocarbon receptor,11
ascending colon,11
ascites,11
ascorbic acid,11
beta-carotene,11
biofilms,11
cabbage,11
carotene,11
cd14,11
cellulose,11
chest,11
chronic fatigue syndrome,11
cirrhosis,11
citrobacter rodentium,11
co2,11
colon mucosa,11
colonocyte,11
crd,11
detoxification,11
esophagitis,11
extracellular matrix,11
gastrointestinal mucosal,11
glp-1,11
granulocytes,11
granuloma formation,11
hepatic encephalopathy,11
il-5,11
il-8 secretion,11
inflammatory cell,11
l. reuteri,11
lactobacillus brevis,11
mycobacterium paratuberculosis,11
myeloid cells,11
n-3 fatty acids,11
nfkappab,11
oesophagus,11
ofg,11
osteomalacia,11
ovalbumin,11
p40,11
panca,11
panorama,11
pept1,11
peptic ulcer disease,11
phagocytosis,11
phosphorus,11
plants,11
pneumonia,11
pomegranate,11
pyoderma gangrenosum,11
rash,11
retinoic acid,11
salicylic acid,11
sigmoid colon,11
signaling pathway,11
spastic,11
sulfated,11
titanium dioxide,11
vegf,11
vitamin d3,11
ageing,10
aluminum,10
atg16l1,10
b27,10
bananas,10
bifidobacterium bifidum,10
bifidobacterium infantis,10
bone formation,10
butyric acid,10
butyricicoccus,10
c reactive protein,10
carbohydrate fermentation,10
cd11c,10
cd25,10
cell membranes,10
claudin-2,10
cut-off,10
dermatitis herpetiformis,10
dnbs,10
dyslipidemia,10
entamoeba histolytica,10
enterococcus,10
escherichia coli strain nissle 1917,10
f. prausnitzii,10
giardiasis,10
gpr43,10
guanylate cyclase c,10
hip,10
interleukin-8,10
juvenile idiopathic arthritis,10
maltodextrin,10
microbiotas,10
mucositis,10
mucous,10
neurons,10
olsalazine,10
organ systems,10
p53,10
peaks,10
pigs,10
propionibacterium freudenreichii,10
proteases,10
raw264.7 cells,10
response to food,10
steatorrhea,10
submucosal,10
thrombotic thrombocytopenic purpura,10
tpmt,10
vascular endothelial growth factor,10
whole-body,10
yersinia,10
"acetate, propionate",9
adenoma,9
adipose tissue,9
ahr,9
anus,9
b cells,9
bacteroides fragilis,9
blood serum,9
caffeic acid,9
caspase,9
clindamycin,9
colorectal adenoma,9
cortisol,9
crc cells,9
descending colon,9
disodium cromoglycate,9
endocarditis,9
enterococcus faecium,9
estrogen,9
fat free,9
glutathione peroxidase,9
gm-csf,9
h. pylori,9
h2o2,9
il23r,9
intestinal epithelia,9
joints,9
klebsiella oxytoca,9
l-tryptophan,9
leprosy,9
methylation,9
methylprednisolone,9
mount,9
nafld,9
natural killer cell,9
non-alcoholic fatty liver disease,9
o145,9
oxalate,9
polyethylene glycol,9
potatoes,9
prostate,9
proximal colon,9
psoriatic arthritis,9
rabbit,9
raw 264.7 cells,9
rota-virus,9
ruminococcus,9
silicates,9
sulfapyridine,9
t cell apoptosis,9
t-cells,9
t84 cells,9
tgf-beta,9
trinitrobenzenesulphonic acid (tnbs,9
turmeric,9
whole body,9
wound healing,9
zo-1,9
al,8
alpha-linolenic acid,8
aluminosilicate,8
autocrine,8
b. animalis,8
b. lactis,8
bacterial vaginosis,8
bacteriophages,8
bifidobacterium animalis subsp. lactis,8
bone mineralization,8
bowel wall,8
butyricicoccus pullicaecorum,8
cck,8
ceacam6,8
cell growth,8
cell-wall,8
cholera,8
cholestyramine,8
claudin-1,8
colon epithelial cells,8
colonic epithelial,8
dq8,8
egf receptor,8
encephalopathy,8
erbb4,8
etanercept,8
glucose homeostasis,8
glycolysis,8
group c,8
hydrogen sulfide,8
il10,8
ileo-colitis,8
interferon gamma,8
intestinal wall,8
intussusception,8
ion transport,8
ip-10,8
irritable colon,8
islands,8
klebsiella,8
l-arginine,8
l. acidophilus,8
lectin,8
lymph node,8
lymphoid cells,8
mdx,8
meningitis,8
mitochondria,8
mitogen-activated protein kinases,8
o104,8
o118,8
omega-6 fatty acids,8
orosomucoid,8
peptidoglycan receptor,8
periodontal disease,8
potato,8
rag2,8
reverse transcription,8
right colon,8
safflower,8
signalling pathways,8
soil,8
soybeans,8
stress response,8
stx2a,8
t lymphocyte,8
taste,8
thrombocytopenia,8
thymus,8
tnf alpha,8
transglutaminase,8
treg cells,8
tropical sprue,8
uric acid,8
urticaria,8
uterine,8
vibrio cholerae,8
villi,8
villus,8
vitamin d receptor,8
waste,8
wiskott-aldrich syndrome,8
"2,4,6-trinitrobenzenesulfonic acid",7
5ht3 receptor,7
adenomas,7
adipocytes,7
alcoholism,7
alimentary tract,7
alkaline phosphatase,7
allergic rhinitis,7
anti-oxidant,7
antimicrobial peptide,7
antineutrophil cytoplasmic antibodies,7
arg,7
autoimmune disorder,7
bacillus,7
bicarbonate,7
biosynthesis,7
birds,7
bowels,7
candida albicans,7
caspase-1,7
catabolism,7
catenin,7
cerebellar ataxia,7
chemokine receptors,7
cholestasis,7
cholesterol synthesis,7
chronic obstructive pulmonary disease,7
cognition,7
colonic carcinoma,7
coma,7
conjugation,7
cromolyn sodium,7
cytokine response,7
d-2-hydroxy-acid dehydrogenase,7
dementia,7
dendritic cell,7
dental caries,7
dermatitis,7
dextrose,7
diet-induced thermogenesis,7
down syndrome,7
e-cadherin,7
e. faecium,7
egf,7
en-y,7
environmental conditions,7
eosinophil cationic protein,7
eosinophilic gastritis,7
epilepsy,7
epithelia,7
eubacteria,7
eubacterium,7
fat-free,7
ffq,7
fibrinogen,7
fidaxomicin,7
gastric motility,7
gastric ulcer,7
glucagon-like peptide-1,7
glucagon-like peptide-2,7
glutamine-rich protein,7
glyoxylate reductase/hydroxypyruvate reductase,7
goat,7
grhpr,7
gsh-px,7
guanylate cyclase-c,7
h pylori,7
heat shock protein,7
hematopoietic stem cell,7
heme oxygenase-1,7
hiv infection,7
ikk,7
il-6 secretion,7
il12,7
immune deficiency,7
insulin secretion,7
intestinal cell lines,7
intestinal disorder,7
intestinal metagenome,7
island,7
jejunoileitis,7
jnk,7
knock-down,7
l. fermentum,7
lactate dehydrogenase,7
lactobacillus delbrueckii,7
lactococci,7
leukotriene b4,7
lymph nodes,7
lymphocyte proliferation,7
lymphoid nodular,7
macrophage inflammatory protein 2,7
marine,7
melanoma,7
metalloproteinases,7
mineralization,7
mitochondrial,7
mlns,7
monosaccharide,7
motor activity,7
mucous layer,7
nap1,7
neuropathy,7
o121,7
oats,7
organ system,7
osteonecrosis,7
pain syndrome,7
par-2,7
pattern recognition receptor,7
peroxidase,7
ph2,7
pleural,7
poly adp-ribose,7
primary hyperoxaluria type 2,7
pro-apoptosis,7
propionate,7
proteasome,7
proteinuria,7
prucalopride,7
ptpn2,7
purpura,7
reactive arthritis,7
salmonella typhimurium,7
serotonin transporter,7
spasmodic,7
spinal cord,7
stat4,7
stomas,7
strand,7
sw480,7
tioguanine,7
tir,7
tlr2,7
toll-like receptor 2,7
treg cell,7
tryptase,7
ttg,7
twenty four,7
urban areas,7
urinary tract infection,7
vasoconstriction,7
veillonella,7
vitamin b6,7
young adult,7
25-hydroxy vitamin d,6
6-thioguanine,6
achalasia,6
acquired immunodeficiency syndrome,6
acute phase response,6
adaptive immune response,6
akkermansia muciniphila,6
allopurinol,6
alverine citrate,6
archaeon,6
asacol,6
aspergillosis,6
aspirin,6
bacteroides spp,6
bcl-2,6
bcl10,6
beclomethasone,6
benzodiazepines,6
bifidobacterium sp,6
biofilm,6
biofilm formation,6
boswellia serrata,6
bulb,6
calcium phosphate,6
cannabinoid receptors,6
cd40,6
cell cycle,6
chlorogenic acid,6
cilansetron,6
cisapride,6
cncm,6
colestyramine,6
colon epithelial,6
colorectum,6
conjugated linoleic acid,6
corn syrup,6
corticoid,6
cows,6
cytoskeleton,6
desulfovibrio,6
dientamoeba fragilis,6
dinitro-benzenesulfonic-acid,6
duodenal mucosa,6
dysentery,6
eating disorder,6
egcg,6
emulsion,6
enterococcus faecalis,6
epidermal growth factor,6
epithelial cell proliferation,6
equol,6
esophageal cancer,6
estrogen receptors,6
g-csf,6
ganciclovir,6
gastric cancer,6
gastric ulcers,6
gerd,6
glutaminase,6
glutamine metabolism,6
glutathione peroxidase activity,6
gonadal,6
gp2,6
granulocyte,6
granulocyte-macrophage colony-stimulating factor,6
granulomatous colitis,6
group iii,6
hemolysin,6
hepatitis b,6
ho-1,6
hrc,6
hydrolase,6
hypothalamus,6
il-1 beta,6
il-33,6
interleukin 8,6
interleukin-1,6
interleukin-12,6
interleukin-17,6
irgm,6
irritable bowel disease,6
jak2,6
ketotifen,6
l. casei,6
l. paracasei,6
lacc1,6
lactase activity,6
lactobacillus casei subsp. rhamnosus,6
leafy,6
leukocyte adhesion,6
lipid oxidation,6
listeria monocytogenes,6
madcam-1,6
magnesium aluminum,6
mdr1,6
membrane protein,6
menstrual cycle,6
mental depression,6
mesh,6
methanobrevibacter smithii,6
mhcii,6
mthfr,6
mtor,6
mucous membrane,6
muramyl dipeptide (mdp,6
mycophenolate mofetil,6
mycophenolate mofetil (mmf,6
n-butyrate,6
nacl,6
neomycin,6
nephrotic syndrome,6
nerve endings,6
neurokinin,6
neurotic,6
nitrite,6
nociception,6
nodules,6
nonalcoholic fatty liver disease,6
nucleus,6
o(2,6
omega 3 fatty acids,6
omega-3-fatty acids,6
ornidazole,6
outer membrane,6
p38,6
p38 mapk,6
paracrine,6
pasta,6
pbd,6
pelvis,6
peptostreptococcus,6
periodontitis,6
phenol,6
pig,6
ppar-gamma,6
protein breakdown,6
protein metabolism,6
pten,6
pyruvate kinase,6
quorum sensing,6
reflexes,6
rhinitis,6
salazosulfapyridine,6
selenoproteins,6
signal transduction,6
slc23a1,6
slow down,6
sludge,6
smooth muscle cells,6
smooth muscles,6
streptococcus salivarius subsp. thermophilus,6
stress responses,6
sulfasalizine,6
surface epithelium,6
t cell activation,6
tnf-alpha production,6
toll like receptors,6
toll-like receptor,6
transduction,6
transforming growth factor-beta 1,6
transforming growth factor-beta 2,6
transforming growth factor-beta2,6
transmembrane,6
trefoil,6
tricyclics,6
ustekinumab,6
vagus nerve,6
vero,6
vertebrates,6
viral infection,6
viral infections,6
vision,6
vitamin b,6
vitamin b2,6
walnuts,6
zymogen granule,6
2-naphthoic acid,5
5-aminosalicylate,5
5-hydroxytryptophan,5
acetaminophen,5
aids,5
allay,5
amebiasis,5
ampk,5
anti-neutrophil cytoplasmic antibodies,5
apc,5
aphthous stomatitis,5
appendicitis,5
autoimmune hepatitis,5
autoimmune thyroiditis,5
b cell,5
bacilli,5
bacteroides vulgatus,5
berries,5
bifidobacterium animalis,5
bilophila wadsworthia,5
blastocystis hominis,5
blood cells,5
brain-derived neurotrophic factor,5
breast cancer,5
brush border,5
c. jejuni,5
caco-2 cell,5
cardiomyopathy,5
cat-g,5
cck2,5
ccr7,5
cellular components,5
cellular immune responses,5
ceramide,5
cerebrospinal fluid,5
ch4,5
chemical colitis,5
chemokine receptor,5
chewing,5
cholangitis,5
cholic acid,5
chronic hepatitis,5
chronic inflammatory response,5
clostridial,5
colon epithelium,5
colon transit,5
colonic epithelial cell line,5
colons,5
confused,5
cowpea,5
cryptosporidiosis,5
cryptosporidium,5
curcuma longa,5
cxcl10,5
cxcr2,5
cyclosporin a,5
cytoplasm,5
diphenoxylate,5
dna synthesis,5
doxycycline,5
duodenal mucosal,5
duodenal ulcer,5
een,5
eim,5
enkephalinase,5
epidermal growth factor receptor,5
et-3,5
fad,5
fatty acid metabolism,5
fatty acid synthase,5
fatty-acid oxidation,5
fibroblasts,5
gc-c,5
giardia,5
ginger,5
glucose intolerance,5
glutathione peroxidases,5
gr-1,5
grapefruit,5
gum arabic,5
harbor,5
heart disease,5
heat shock proteins,5
hippocampus,5
histamine metabolism,5
hla-dqb1,5
hydrocortisone,5
hydrogen production,5
hyperglycemia,5
hypersensitivities,5
igf-i,5
ikappabalpha,5
il-11,5
il-9,5
ilea,5
indole,5
infertility,5
influenza,5
inhibition of apoptosis,5
iron-deficiency anemia,5
janus kinase,5
kiwifruit,5
kynurenine,5
lactobacillus kefiranofaciens,5
lactobacillus sp,5
lactosucrose,5
laminin,5
large-bowel,5
leucocyte,5
leukemia,5
lfd,5
listeria,5
lumbar spine,5
lupus,5
lysozyme,5
maize,5
major histocompatibility,5
malondialdehyde,5
menthol,5
mesentery,5
mst1,5
muscles,5
muscularis mucosa,5
myd88,5
myocardial,5
myosin light chain,5
myosin light chain kinase,5
nephritis,5
neutropenia,5
neutrophil elastase,5
nlrp3,5
norepinephrine reuptake,5
omega-3 fatty acid,5
oxidoreductase,5
p-anca,5
paralytic ileus,5
pbs,5
pd-l1,5
peanut,5
peroxisome proliferator activated receptor gamma,5
pfge,5
physiological processes,5
plasma membrane,5
portal hypertension,5
prealbumin,5
pregabalin,5
progesterone,5
propionibacteria,5
pros,5
protein digestion,5
protein kinase b,5
protein tyrosine phosphatase,5
pyridoxine,5
rectal prolapse,5
respiratory system,5
resveratrol,5
risedronate,5
s. cerevisiae,5
saa,5
salmon,5
salmonella enteritidis,5
schizophrenia,5
sensory neurons,5
serine protease,5
slim,5
sodium cromoglycate,5
soybean,5
sphingomyelin,5
spondyloarthropathy,5
strawberry,5
substance p,5
sulfite,5
sulphide,5
swine,5
thiobarbituric acid,5
throat,5
thymic stromal lymphopoietin,5
tlr9,5
tnf receptor,5
trinitrobenzene sulfonic acid,5
trinitrobenzenesulfonic acid (tnbs,5
tumor necrosis factor,5
tumor suppressor,5
ubiquitin,5
uc) butyrate,5
vascular disease,5
vcam-1,5
visceral fat,5
vitamin b1,5
vitamin k deficiency,5
white adipose tissue,5
white blood cells,5
wnt,5
yit,5
"2,4,6-trinitrobenzenesulphonic acid",4
25(oh) d,4
4-asa,4
5-amino salicylic acid,4
5-aminosalycylate,4
5-ht3 receptor,4
5-lipoxygenase,4
5ht,4
5ht4,4
6-phenylimidazo,4
6mp,4
abscisic acid,4
acrodermatitis enteropathica,4
actin,4
adenosine monophosphate kinase,4
aggressions,4
akkermansia,4
aldehyde dehydrogenase,4
aldh,4
alk,4
aloe vera,4
alum,4
amenorrhea,4
aminosalicylic,4
amyloidosis,4
anal canal,4
anal fistula,4
anti-diarrheal,4
antisecretory factor,4
arginase,4
arginase 1,4
artichoke,4
ascaris lumbricoides,4
atp,4
atropine,4
attention deficit hyperactivity disorder,4
autoinducer-2,4
avenue,4
b cell activation,4
b subunit,4
b-cells,4
b. coagulans,4
bacillus coagulans,4
bacillus subtilis r0179,4
bacteroides thetaiotaomicron,4
banana,4
basement membrane,4
basic fibroblast growth factor,4
bb99,4
bdnf,4
beriberi,4
beta-defensin,4
beta-galactosidase,4
beta2-microglobulin,4
bioptic,4
bismuth,4
blau syndrome,4
blg,4
bone development,4
bone disorder,4
bone marrow-derived dendritic cells,4
bone matrix,4
bone-marrow,4
brush border membrane,4
c. no,4
caco-2 human,4
calcium carbonate,4
calcium oxalate,4
cannabis sativa,4
capecitabine,4
carbohydrate metabolism,4
carbon dioxide,4
casr,4
catalase,4
cationic amino acid transporter,4
caudal,4
ccr4,4
ccr5,4
ccr9,4
cd 4 t,4
cd141,4
cd1c,4
cd3e,4
cd80,4
cd86,4
cell death,4
cell migration,4
cell-associated,4
cell-surface,4
chilli,4
cholecystitis,4
cholelithiasis,4
cholesterol lowering,4
chromogranin a,4
ciclosporin,4
citrulline,4
clostridiaceae,4
codeine sulfate,4
colchicine,4
colonic tumor,4
colorectal mucosa,4
connective tissue,4
contra,4
coriobacteriaceae,4
cranial,4
crf,4
cromoglycate,4
cryptosporidium parvum,4
ctla-4,4
cutoff,4
cxcr3,4
cyp1a,4
cytochrome p450,4
cytokine receptors,4
cytolysis,4
cytosolic,4
dehiscence,4
dfo,4
dhea,4
dietary zinc,4
digoxin,4
dinitrofluorobenzene,4
dioxin,4
disulone,4
dlg5,4
docosahexaenoic acid,4
docosapentaenoic acid (dpa,4
e. coli k12,4
egd,4
electron,4
eleostearic acid,4
ellagitannins,4
embryos,4
encephalitis,4
endometriosis,4
endopeptidases,4
enterococcal,4
enzyme activity,4
er upr,4
ergothioneine,4
erythropoietin,4
escherichia,4
eubacterium rectale,4
exocrine pancreatic insufficiency,4
exotoxins,4
familial mediterranean fever,4
feijoa,4
ffar2,4
flagella,4
fluconazole,4
food-allergy,4
fructan,4
"fructose-2,6-bisphosphatase",4
fruitjuice,4
g-protein-coupled receptors,4
g. lamblia,4
gae,4
gastric outlet obstruction,4
gastrointestinal endocrine cells,4
genitalia,4
glycoproteins,4
gpx1,4
guanylin,4
gus,4
gut epithelial,4
h.pylori,4
hcv,4
hd-5,4
hd-6,4
hepatocellular carcinoma,4
herald,4
hippurate,4
homocysteine (thcy,4
homocysteine metabolism,4
hypopituitarism,4
icam-1,4
igs,4
il-1 receptor,4
il-10ra,4
il-17a,4
il-18,4
il-1ra,4
il-6 production,4
il-6 receptor,4
il12b,4
il5,4
immune cell activation,4
immune cell trafficking,4
immune thrombocytopenic purpura,4
inguinal hernia,4
insulin-like growth factor i,4
insulin-like growth factor-1,4
interleukin 10 production,4
interleukin-10 receptor,4
interleukin-13,4
interleukin-2,4
interleukin-23 receptor,4
intestinal perforation,4
isoform-4,4
itx,4
janus kinase 2,4
jejunal mucosa,4
kidney failure,4
knee,4
l. brevis,4
l. curvatus,4
l. delbrueckii subsp. bulgaricus,4
l. rhamnosus gg,4
l. rhamnosus lc705,4
l. salivarius strain ucc118,4
laccase,4
lachnospiraceae,4
lactobacillus casei dn-114 001,4
lactobacillus helveticus,4
lactobacillus johnsonii,4
lactobacillus salivarius subsp. salivarius,4
lal,4
lapatinib,4
lcr35,4
ldp,4
left-sided ulcerative colitis,4
leucocytes,4
leukotriene b,4
leukotriene receptor,4
ligase,4
liver cirrhosis,4
lnh,4
lower limb,4
luciferase,4
lutein,4
luteolin,4
lysate,4
macrogol,4
major depressive disorder,4
malt,4
mango,4
menarche,4
metabolic acidosis,4
metoclopramide,4
microvilli,4
mir-126,4
mitogen-activated protein kinase,4
morphine,4
motilin,4
mqs,4
mtrr,4
mtupr,4
mucins,4
myrtales,4
n-acetyltransferase,4
nadph oxidase,4
ndi,4
necrotic,4
nectar,4
nematode,4
nephropathy,4
nervous systems,4
neuro,4
neuropeptides,4
nobiletin,4
nonspecific immune response,4
nos2,4
nrf2,4
nuclear hormone receptor,4
nutrient-sensing,4
octn1,4
omega-3 fatty acids,4
omeprazole,4
ondansetron,4
ophthalmoplegia,4
oral mucosa,4
organelle,4
organelles,4
osteoblast,4
osteoclast,4
osteoprotegerin,4
oxazolone,4
p-glycoprotein,4
p-gp,4
painless,4
pancreatitis-associated protein,4
pancytopenia,4
pear,4
peliosis hepatis,4
peptide yy,4
peptostreptococcaceae,4
per d,4
perineal,4
peripheral blood mononuclear cell,4
peritoneal macrophages,4
pfkfb3,4
phenylalanine,4
phosphates,4
plantago ovata,4
plasma cells,4
platelet aggregation,4
plecanatide,4
pleurotus pulmonarius,4
poly(adp-ribose) polymerase,4
polygalactan,4
polymer,4
polysorbate 80,4
porin,4
pre-albumin,4
primates,4
prostaglandin,4
prostaglandin e(2,4
prostaglandin synthesis,4
protein energy malnutrition,4
protein x,4
prtp,4
punicic acid,4
quercetin,4
quorum-sensing,4
rac1,4
rce,4
rct,4
redox,4
retinol-binding protein,4
roseburia,4
rutin,4
sclerosing cholangitis,4
selenium-binding protein 1,4
selenoprotein-p,4
serine-protease,4
serotonin release,4
sert,4
shigella flexneri,4
sir 2,4
skin cancer,4
slc22a4,4
slc7,4
smad7,4
small intestinal lymphoma,4
sodium alginate,4
sodium bicarbonate,4
sphingomyelinase,4
spirulina platensis,4
staphylococcal,4
storage protein,4
streptococcus,4
stx2c,4
sw1116,4
sw620,4
sympathetic nervous system,4
syndrome,4
t-cell differentiation,4
t-cell polarization,4
t-cell receptor,4
t-helper cell,4
tachykinins,4
testosterone,4
tgf-beta2,4
thioguanosine triphosphate,4
thp-1 cells,4
tio2,4
titanium,4
tlr signaling,4
tnfa,4
tofacitinib,4
tolerance induction,4
toll like,4
toll-like receptor 4,4
too few,4
tram,4
transaminases,4
transient receptor potential vanilloid,4
trif,4
trif-related adapter molecule,4
trigger factor,4
trinitrobenzene sulphonic acid,4
tryptophan hydroxylase,4
tryptophan metabolism,4
type 1 diabetes mellitus,4
unfolded protein responses,4
ureteral obstruction,4
urogenital tract,4
ursodeoxycholic acid,4
uveitis,4
vegetative,4
veno-occlusive disease,4
vibrionaceae,4
viral hepatitis,4
vitamin k2,4
volvulus,4
von willebrand factor,4
wnt signaling pathway,4
wnt signalling,4
xylitol,4
"1,25-dihydroxyvitamin d",3
15-hete,3
2-amino-3-methylimidazo,3
25-hydroxy-vitamin d,3
27 u,3
2n-6,3
3 to 7,3
3-hydroxybutyrate,3
4 per,3
5-day,3
5) alosetron,3
6-methylmercaptopurine,3
6-methylprednisolone,3
6-thioguanine (6-tg,3
7) loperamide,3
ab5,3
acacia,3
acads,3
acat2,3
acetyl-5-aminosalicylic acid,3
acid secretion,3
acidification,3
acquired immunodeficiency disorder,3
acsm3,3
activation of nf-kappab,3
activation of signal transduction,3
adenocarcinomas,3
adenovirus,3
adult behavior,3
agglutination,3
alendronate,3
alexithymia,3
alkaline phosphatase activity,3
alkaline sphingomyelinase,3
alpha 1 antitrypsin,3
alpha-tocopherol,3
american family,3
aminotransferase,3
aminotransferases,3
ampicillin,3
amygdala,3
anakinra,3
analgesia,3
angelica,3
anti-oxidants,3
antibacterial peptides,3
antimicrobial peptides,3
antineutrophil cytoplasmic antibody,3
antral,3
apoc1,3
apoptotic cell death,3
appendix,3
arachidonate,3
atrial fibrillation,3
atrophic gastritis,3
autism spectrum disorder,3
autonomic nervous systems,3
azulfidine,3
b infantis,3
b lymphocytes,3
bacillus sp,3
backbone,3
bacterial enteritis,3
bacteriocins,3
bacteroides sp,3
bambara groundnut,3
basophil activation,3
basophils,3
bax,3
beta-defensin-2,3
beta-lactoglobulin,3
bgn,3
bifidobacterial,3
bifidobacterium bifidum bgn4,3
bile acid metabolism,3
bile-acid binding,3
blastocystis,3
blood vessels,3
brain development,3
brassicaceae,3
bronchopneumonia,3
brussel sprouts,3
bulimia nervosa,3
butyrate kinase,3
butyric acids,3
c-anca,3
c-myc,3
c. butyricum,3
c10:0,3
cacl2,3
caco-2/tc7 cell,3
caco2 cells,3
calcitriol,3
calcium channel,3
calcium ions,3
candida,3
candidiasis,3
cantaloupe,3
capillary,3
carnitine,3
carnosic acid,3
carrots,3
cartilage,3
cas,3
cathepsin g,3
cc2,3
cc28,3
cc40,3
cc9,3
ccl2,3
ccl25,3
ccl5,3
cd11b,3
cd20,3
cd64,3
cd68,3
cd69,3
cdh1,3
ced,3
cell adhesion,3
cell differentiation,3
cell-cycle arrest,3
cellular immune response,3
cervical epithelium,3
cgmp,3
chaperones,3
chaperonin,3
cheilitis,3
chickens,3
chimpanzees,3
chitosan,3
chloride channels,3
ci 2,3
ciap2,3
clarithromycin,3
claudin-4,3
clotting,3
codeine,3
colon carcinoma,3
colon mucosal,3
colon syndrome,3
colonic epithelial cell,3
colonic mucin,3
complex ii,3
contaminated water,3
cooper,3
copan,3
corticosterone,3
corticotropin releasing factor,3
cox2,3
cpk,3
cromolyn,3
cu,3
cx3cr1,3
cyclin d1,3
cyclophosphamide,3
cyclosporin (csa,3
cyp,3
cyp4b1,3
cyp4f3,3
d-limonene,3
dc-sign,3
deer,3
digestive tube,3
distal intestine,3
dna binding,3
dna polymerase,3
dnase,3
dogs,3
domperidone,3
doublecortin,3
downregulated in adenoma,3
duloxetine,3
e coli o157:h7,3
e. coli o104:h4,3
e. coli o26,3
e. durans,3
e. faecalis,3
e. histolytica,3
e. limosum,3
e.coli,3
eating behaviors,3
echs1,3
eco,3
egg,3
eicosapentanoic acid,3
eluxadoline,3
ema,3
endosperm,3
enterobacter sakazakii,3
enterococcus sp,3
eotaxin,3
epicatechin,3
erbb,3
erbb2,3
erbb3,3
erk inhibitor,3
erythritol,3
erythro,3
esophageal mucosal,3
ethylcellulose,3
eubacterium limosum,3
extracellular calcium-sensing receptor,3
fads1,3
fads2,3
farms,3
fatty liver disease,3
fermentations,3
fibronectin,3
fissure,3
fluorescein,3
focal adhesion,3
folate metabolism,3
follicular phase,3
food product,3
forearm,3
formalin,3
fourth ventricles,3
free fatty acid receptor 2,3
fructooligosaccharides,3
fructose-,3
fruit juices,3
fucose,3
fucosylation,3
fuss,3
fxr,3
g and a,3
g protein-coupled receptor,3
g protein-coupled receptor 43,3
gall bladder,3
gallic acid,3
gallotannins,3
gamma-linolenic acid,3
ganoderma lucidum,3
gas gangrene,3
gastric acid secretion,3
gastric mucosa,3
gastro-intestinal disorder,3
gastrointestinal endocrine cell,3
gastrointestinal syndrome,3
gestational,3
gingival,3
glands,3
glial cells,3
globotriaosylceramide,3
glu,3
glucagon-like peptide 1,3
glucagon-like peptide 2,3
glucocorticoid receptor,3
glucose transporter,3
glucose-,3
glutamine synthetase,3
gly-sar,3
glycogen degradation,3
glycogen storage disease,3
glycosylation,3
gpx2,3
guanosine,3
haemoglobin,3
haemolytic-uraemic syndrome,3
hbd-2,3
hbt,3
hd5,3
hdc,3
hdl cholesterol,3
hela cells,3
hematoxylin-eosin,3
hemophagocytic lymphohistiocytosis,3
hepatocyte growth factor,3
her2,3
hgb,3
hgf,3
hil-10,3
histamine receptors,3
histone deacetylase,3
hole protein,3
hsd17b10,3
hsp27,3
hsp60,3
hsp70,3
ht29,3
human isolates,3
hydrogen sulphide,3
hydroxyl radicals,3
hydroxylase,3
hypercalcemia,3
hypoglycemia,3
hypophosphatemia,3
hypoxoside,3
ibd-u,3
ibd5,3
ibd7,3
ibodutant,3
idelalisib,3
idiopathic proctocolitis,3
iga nephropathy,3
il-10 production,3
il-10 secretion,3
il-10r,3
il-21,3
il-8 response,3
il10rb,3
il6,3
ileocecum,3
immune cell homeostasis,3
indigestion,3
inducible no synthase,3
inflammatory bowel disorder,3
inhibitor of apoptosis,3
innervation,3
interleukin 1,3
interleukin 2,3
interleukin-1 beta,3
interleukin-4,3
intermediary metabolism,3
interstitial cystitis,3
intestinal cell line,3
intestinal development,3
intestinal pseudo-obstruction,3
intestinal volvulus,3
intracellular signal transduction,3
ipex,3
ira,3
irisin,3
isomalt,3
ispaghul,3
itpa,3
jak1,3
jak3,3
kgf,3
kidney stones,3
kinase activity,3
kinase inhibitor,3
klebsiella pneumoniae,3
kluyveromyces marxianus,3
kwashiorkor,3
l-cells,3
l-selectin,3
lactobacillus farciminis,3
lactobacillus salivarius ssp. salivarius,3
lansoprazole,3
large-intestine,3
latex,3
lathosterol,3
lcs,3
leukocyte trafficking,3
leukopenia,3
levothyroxine,3
lfa-1,3
linoleic aicd,3
lipoxygenase,3
localisation,3
long bone,3
low-density lipoprotein,3
lower limbs,3
lox,3
ls174t cells,3
ltt,3
lung cancer,3
lymph,3
m cells,3
m-cell,3
m. paratuberculosis,3
macrolides,3
macrophage migration inhibitory factor,3
maltase,3
maltitol,3
mast cell degranulation,3
mast cell hyperplasia,3
mastic,3
mcp-1,3
mda,3
mea,3
measles,3
measles virus,3
mechanical stimuli,3
megacolon,3
melatonin receptors,3
mesenteric adipose tissue,3
metaplasia,3
metformin,3
mfg-e8,3
microvascular endothelial cells,3
midbrain,3
midgut,3
mlc20,3
mlck,3
mmp-1,3
mo,3
monocyte chemoattractant protein 1,3
muc-2,3
mucosal mast cells,3
multiple chemical sensitivity,3
mycobacterium avium paratuberculosis,3
myocardium,3
myofibroblasts,3
myopathy,3
n-3-pufa,3
n-3pufa,3
nadph,3
naive t cells,3
natural killer cells,3
neoplasm,3
nephrolithiasis,3
neuronal cells,3
neurotransmission,3
ni,3
niacin,3
nitazoxanide,3
nutria,3
nutritional disorder,3
opioid receptors,3
oranges,3
osteoarthritis,3
otitis media,3
overnutrition,3
p-cresol,3
p-erk,3
p16,3
p21,3
pab,3
paneth cells,3
par-4,3
paraventricular nucleus,3
paroxetine,3
peas,3
penicillin,3
pericarditis,3
period 3,3
peripheral blood lymphocyte,3
pf-00547659,3
phagolysosomes,3
phd3,3
phosphodiesterase inhibitor,3
phosphoinositide 3-kinase,3
pinaverium,3
pinaverium bromide,3
plateau,3
platelets,3
pollens,3
polydextrose,3
polymorphonuclear neutrophils,3
popcorn,3
portal vein,3
prednisone/d,3
primary biliary cirrhosis,3
pro-survival,3
programmed cell death,3
progressive multifocal leukoencephalopathy,3
prolyl,3
prometheus,3
propionibacterium sp,3
protein catabolism,3
protein secretion,3
pspg,3
ptpn22,3
ptprs,3
pufa) arachidonic acid,3
pullulanase,3
pulmonary embolism,3
pyloric stenosis,3
pyy,3
quinoline,3
rar,3
regenerating islet-derived 3-alpha,3
regulation of egf receptor,3
regulation of egfr,3
renal tubular,3
renin,3
resistin,3
respiratory burst,3
response to vitamin d,3
restriction endonuclease,3
retinol (r,3
ribosomal rna,3
rifampin,3
rs1,3
rumen,3
s-adenosylmethionine,3
s. enterica serovar typhimurium,3
s. typhimurium,3
saas,3
saliva,3
samhd1,3
scholar,3
scleroderma,3
scurvy,3
sd 25,3
secretory diarrhea,3
sehcat,3
sensory perception,3
serine-proteases,3
serine-threonine,3
serum ferritin,3
shigellosis,3
short-form,3
signalling pathway,3
sinusitis,3
sirt1,3
sirtuin 1,3
skin barrier function,3
slc16a1,3
slc26a3,3
smac,3
small intestines,3
somatomedin c,3
somatostatin receptor,3
spaghetti,3
spore germination,3
squamous epithelium,3
srk,3
st11,3
st2,3
stat-3,3
stat6,3
stimulation of growth,3
stomal,3
strain a2,3
strain e,3
streptococcus sp,3
sucrase,3
sulfide generation,3
superior mesenteric artery,3
superoxide dismutase activity,3
swiss cheese,3
systemic lupus erythematosus,3
t cell development,3
t cell proliferation,3
t helper cell,3
t-butyl hydroperoxide induced,3
tannin,3
tap water,3
tapioca,3
taste perception,3
tendon,3
test product,3
tetanus,3
thioguanine,3
thrombus,3
thymidylate synthase,3
tianeptine,3
tight junction formation,3
tixocortol pivalate,3
tlr3 signaling,3
tlr4 pathway,3
tlr6,3
tpc,3
transcription factor 1,3
transdermal nicotine,3
transepithelial transport,3
transforming growth factor beta 1,3
transforming growth factor-beta,3
translation,3
transmembrane receptor,3
trinitro benzene sulfonic acid,3
trinitrobenzene-sulfonic acid,3
triticum turgidum subsp. turanicum,3
tropical,3
trpv1,3
trunk,3
turkey,3
type ii diabetes,3
uncharacterized,3
uro,3
uroguanylin,3
vaginal,3
vascular endothelial growth factor receptor,3
vasculature,3
verapamil,3
vero cells,3
vitamin a metabolism,3
vitamin pp,3
wa5,3
warfarin,3
wash-out,3
washout,3
water-,3
watermelon,3
white blood cell,3
wistar rats,3
x-linked inhibitor of apoptosis,3
yersinia enterocolitica,3
zeaxanthin,3
0 yr,2
"1,25(oh)2d3",2
"1,4-benzoquinone (bq",2
"1,4-naphthoquinone",2
12-o-tetradecanoylphorbol 13-acetate,2
15-hydroxyeicosatetraenoic acid,2
1r2,2
1ss,2
2 div,2
2 il-1,2
2 of 9,2
2-deoxyguanosine,2
"2,4,6 trinitrobenzene",2
21 f,2
3 cpm,2
3 key,2
3-hydroxy-3-methylglutaryl,2
35 p,2
38 kda,2
3t3-l1,2
41 kda,2
45ca,2
5 fluorouracil,2
5-amino-salicylic acid,2
5-hydroxyindole acetic acid,2
5-hydroxytryptamine (serotonin,2
"5,10-methenyltetrahydrofolic acid",2
"5,12-naphthacenequinone",2
50 kda,2
51cr,2
51cr-edta,2
53-kda,2
6-keto prostaglandin f1 alpha,2
6-methyl mercaptopurine,2
6-thio-imp,2
7 alpha-hydroxycholesterol,2
8-oxo-dg,2
"9,10-anthraquinone",2
a. parvulum,2
aa amyloidosis,2
abdominal aortic aneurysm,2
abdominal fat,2
acd004,2
acetyl-,2
acetyl-beta-boswellic acid,2
acid chloride,2
acotiamide,2
acquired immune response,2
acrodermatitis,2
acrylamide,2
actinomycin,2
activation of caspase,2
acute myeloid leukemia,2
ada-- 1,2
adam17,2
adas,2
adenine phosphate,2
adenocarcinoma cell line,2
adenosine triphosphate,2
adiponectin receptor 1,2
adipor1,2
adipose,2
aerial parts,2
agarose,2
ahr antagonist,2
ai-2,2
akt signaling,2
alanine aminotransferase,2
all anti,2
all cell,2
alpha-1-antitrypsin,2
aluminium,2
alveolitis,2
amino-salicylic acid,2
ammonium sulfate,2
amoxicillin,2
amoxycillin,2
amphiregulin,2
amylin,2
amyloid protein,2
anabolism,2
anal fissure,2
anandamide,2
andrographis paniculata,2
anisakiasis,2
ankles,2
annexin v,2
anthocyanins,2
anti-inflammatory response,2
anti-neutrophil cytoplasmic antibody,2
anti-secretory factor,2
anti-serotonin,2
antibody production,2
antitoxin,2
anuria,2
apical junction complex,2
ar,2
archipelago,2
arsb,2
artemisia princeps,2
artery,2
arylsulfatase b,2
atopobium parvulum,2
autophagosome,2
autophagy-related 16-like 1,2
aza 1,2
azathioprin,2
azathiopurine,2
azithromycin,2
b-cell,2
b-cell activating factor,2
b-cell lymphoma,2
b. bifidum prl2010,2
b. bifidum s17,2
b. boum,2
b. cereus,2
b. clausii,2
b. fragilis,2
b. hominis,2
b. longum,2
b. polyfermenticus,2
b. suis,2
b. thermophilum,2
b612,2
b94,2
bacillary dysentery,2
bacillus polyfermenticus,2
bacterial transcriptional,2
bacteriophage,2
bacterium b,2
bacterium l,2
bacteroidaceae,2
bacteroides distasonis,2
bacteroides ovatus,2
bak,2
bamboo,2
bao,2
basal lamina,2
bbe,2
bch,2
bench,2
beta 7,2
beta vulgaris,2
beta-catenin,2
beta-d,2
beta-gal,2
beta-glucuronidase,2
beta-glucuronidase activity,2
beta-hydroxybutyrate,2
beta7,2
betanin,2
bicarbonate transport,2
bif,2
bifidobacterium adolescentis,2
bifidobacterium animalis ssp. lactis,2
bifidobacterium animalis subsp. lactis dsm10140,2
bifidobacterium bb12,2
bifidobacterium longum ssp. longum,2
bifidobacterium longum subsp. infantis,2
bile acid biosynthesis,2
bile salt hydrolase activity,2
biliary atresia,2
biliary epithelium,2
biliary tract disease,2
bilirubin,2
binds to dna,2
bismuth subsalicylate,2
bismuthsubsalicylate,2
bison,2
bisphenol a (bpa,2
bjab cells,2
bladder syndrome,2
blf,2
blindness,2
body cavities,2
boswellia,2
boswellic acid,2
botulism,2
bovine strains,2
bps,2
brain derived neurotrophic factor,2
brain myelin,2
broccoli,2
bromodeoxyuridine,2
bronchitis,2
brush-border membrane,2
btn,2
btn1a1,2
btn2a2,2
btn3a3,2
btnl1,2
btnl2,2
btnl3,2
btnl4,2
btnl6,2
btnl8,2
btnl9,2
buccal mucosa,2
budenoside,2
bun,2
"butan 2,3 diol",2
butyrate metabolism,2
"butyrate, propionate",2
butyrophilin,2
c-jun,2
c-jun n-terminal kinase,2
c. lituseburense,2
c1galt1,2
c4s,2
c5a,2
caco2,2
cadaverine,2
caenorhabditis elegans,2
cai,2
calcium glycerophosphate,2
calcium-channel,2
camel,2
campesterol,2
campylobacteriosis,2
cannula,2
canopy,2
capsaicin,2
carbapenem,2
carbonyl cyanide m-chlorophenyl hydrazone,2
carcasses,2
castor oil,2
catalytic activity,2
cathepsin d,2
cathepsin-g,2
cation transporter,2
caudovirales,2
cauliflower,2
cck1,2
ccl28,2
ccl7,2
ccl8,2
ccr10,2
ccr2,2
ccr3,2
ccr6,2
cd as e,2
cd152,2
cd19,2
cd300,2
cd300f,2
cd34,2
cd45,2
cdac,2
cdc2,2
cdl,2
cell adhesion molecule,2
cell adhesion molecule 1,2
cell bodies,2
cell division cycle 2,2
cellular growth,2
cellular processes,2
centromere,2
cerebral ischemia,2
cflip,2
cfr,2
cfs,2
channel activator,2
chemokine production,2
chenodeoxycholic acid (cdca,2
chinese cabbage,2
cholangiocarcinoma,2
cholesterol 7 alpha-hydroxylase activity,2
cholesterol degradation,2
cholesterol metabolism,2
cholinergic neurons,2
cholinesterase,2
chondrocytes,2
chondroitin-4-sulfate,2
chromatid,2
chronic fatigue syn- drome,2
chronic granulomatous disease,2
chronic lymphocytic leukemia,2
chronic obstructive pulmonary disorder,2
cinnamon,2
ciprofloxacine,2
circadian rhythms,2
circovirus,2
cis-12-octadecenoic acid,2
clavulanic acid,2
clofazimine,2
clonidine,2
clostridium cluster xi,2
clostridium coccoides,2
clostridium hathewayi,2
clostridium histolyticum,2
cluster ix,2
cmt-93,2
co-receptor,2
coagulation,2
cobalamin,2
collagen receptors,2
colo-rectal,2
colo-rectal cancer,2
colon cancer cell,2
colon cancer cell lines,2
colon carcinoma cells,2
colon disease,2
colon epithelial cell,2
colonic epithelia,2
colorec-tal cancer,2
colorless,2
complement activation,2
complement activity,2
complement c4,2
conjunctivitis,2
connective tissue growth factor,2
copper/zinc-superoxide dismutase,2
coronary artery,2
coxiella burnetii,2
cqs,2
cr,2
creb-binding protein,2
crmo,2
crn,2
cryptoxanthin,2
ctnnb1,2
cu/zn-sod,2
cx3cl1,2
cxcl-1,2
cxcl12,2
cxcl9,2
cyclooxygenase 2,2
cyp1a1,2
cytochrome p-450,2
cytokine responses,2
cytoplasmic nucleosome,2
cytosol,2
cytotoxic t-lymphocyte antigen 4,2
cytotoxic t-lymphocyte antigen-4,2
czp,2
d bpa,2
d group,2
d(3,2
daf-16,2
deanxit,2
death receptor ligand,2
decoy,2
defa5,2
defense responses,2
defensin 5,2
delayed-type hypersensitivity,2
deltaproteobacteria,2
dental plaque,2
deoxycholic acid(dca,2
deoxyribonuclease,2
dermal dendritic cells,2
dermatan sulfate,2
desulfovibrio sp,2
dextrin,2
dfs,2
diapedesis,2
diclofenac,2
dictamnus,2
difluoromethyl ornithine,2
dihydrofolate synthase,2
dihydroxyacetone-phosphate,2
dihydroxyvitamin d3,2
dinitro-benzene sulfonic acid,2
dioxygenase,2
dipentum,2
dipeptidyl peptidase iv,2
diphosphate,2
dna repair,2
dnmt3b,2
dpph,2
dronabinol,2
drosophila melanogaster,2
drug allergy,2
dscg,2
duodenitis,2
duodenogastric reflux,2
dutp,2
e coli,2
e wheat,2
e. coli o157:nm,2
e. colinissle 1917,2
e. rectale,2
e.-coli,2
eapp,2
early endosomes,2
eating behavior,2
ebastine,2
ec cells,2
ec-m17,2
ecr,2
edta,2
ef-ts,2
efa1,2
egg white,2
elastase,2
ems,2
encephalomyelitis,2
endothelial cell,2
endothelin receptor,2
enteric nervous systems,2
enterococcus durans,2
enterol,2
entocort,2
eosinophil activation,2
eosinophil peroxidase,2
eotaxin-1,2
epididymitis,2
epigallocatechin-3-gallate,2
epithelial cell line,2
epithelial cell lines,2
ergosterol peroxide,2
estradiol,2
ethyl acetate,2
extracellular matrix components,2
exudative enteropathy,2
f prausnitzii,2
f_1,2
f_2,2
f_3,2
f. prausnitzii a2-165,2
farnesoid x receptor,2
fasl,2
fatty acid binding,2
fatty acid catabolism,2
fcepsilonri,2
feedlot,2
feedlots,2
femur,2
ferritin,2
fetuses,2
fexofenadine,2
fibroblast,2
fimbriae,2
flight,2
fluorochrome,2
fluticasone,2
fmk,2
focal adhesion kinase,2
folylpolyglutamate synthase,2
forkhead box p3,2
foscarnet,2
frankincense,2
free histamine,2
fructosaemia,2
fructose-1-phosphate,2
fusidic acid,2
fvl,2
g fat,2
g oat,2
g-protein coupled receptors,2
g-protein-coupled taste receptors,2
g1 phase,2
gal-1,2
galactosemia,2
galactosylsucrose,2
galectin-1,2
gall,2
gamma-aminobutyric acid,2
gammadelta  t-cells,2
gapdh,2
garlic,2
gastric antral,2
gastric antrum,2
gastroduodenitis,2
gastrointestinal smooth-muscle,2
gastrointestinal-tract,2
gbi,2
gdn,2
gdp-fucose,2
genetic disease,2
gentamicin,2
gep,2
ges,2
gfd,2
globotriose,2
glomerular filtration,2
glp-2r,2
glt,2
glucagon,2
glucagon secretion,2
glucose metabolism,2
glucose oxidase,2
glucose polymer,2
glucose uptake,2
glucuronate,2
glucuronide,2
glutamic pyruvic transaminase,2
glutathione peroxidase 1,2
glyceraldehyde-3-phosphate dehydrogenase,2
glycogen synthase kinase 3,2
glycoprotein 2,2
glycoprotein-2,2
gos,2
gp1b,2
gpr,2
gpr40,2
grains,2
granisetron,2
grapes,2
gravid,2
growth hormone secretion,2
growth pattern,2
gsd-1b,2
gtpase,2
guanido,2
guanine,2
guanylyl cyclase c,2
guanylyl cyclase-c,2
gucy2c,2
guillain-barre syndrome,2
gut epithelia,2
h1r,2
h4r,2
hamstring muscle,2
hay,2
hay fever,2
hb-egf,2
hbd2,2
hca1-3,2
hca2,2
hct-116,2
hct116 cells,2
hdac1,2
hdac2,2
heat shock protein 70,2
helicobacteraceae,2
helper lymphocyte,2
helper t-cells,2
hematopoietic cells,2
hematoxylin,2
hematrol,2
hemolytic anemia,2
hep g2 cells,2
heparin binding,2
heparin-binding protein,2
hepatitis a,2
hepatobiliary disease,2
hepatocytes,2
hepg2,2
hereditary nonpolyposis colorectal cancer,2
hermansky-pudlak syndrome,2
high- density lipoprotein-cholesterol,2
hind,2
hind-gut,2
hindus,2
hippocampal,2
hirschsprung disease,2
histamine receptor,2
histamine secretion,2
histiocytes,2
histone,2
histone acetyltransferase,2
histone methylation,2
hml1,2
horse,2
hpf-1,2
hsp65,2
ht-29 cell line,2
ht29 cells,2
htf,2
huh-7,2
human metabiome,2
human papillomavirus type 16,2
husk,2
hvs,2
hya,2
hydrogen lactose,2
hydrogen peroxide,2
hydrolases,2
hydronephrosis,2
hydroxy,2
hydroxyapatite,2
hydroxycarboxylic acid receptors,2
hydroxytyrosol,2
hypereosinophilic syndrome,2
hypersensitive,2
hypochondriasis,2
hypothyroidism,2
i 122,2
i-fabp,2
i-ii,2
i-kappabalpha,2
icam,2
iduronate,2
ifn-gamma secretion,2
igf-1,2
ikb,2
il- 10,2
il-12p40,2
il-13 production,2
il-15,2
il-17 production,2
il-17 secretion,2
il-18rap,2
il-1r,2
il-1r1,2
il-1r2,2
il-1rap,2
il-22,2
il-23r,2
il-25,2
il-2r,2
il-5 production,2
il-8 receptor,2
il-8r,2
il10r,2
ileal mucosal,2
ileo-cecal,2
immunodeficiency disorder,2
indican,2
indomethacin,2
induction of apoptosis,2
inflammasome complex,2
inhibition of             dna repair,2
inhibition of cholesterol absorption,2
inner ear disease,2
inner mucus layer,2
inonotus obliquus,2
inosine triphosphate pyrophosphatase,2
insulin dependent diabetes mellitus,2
insulin-dependent diabetes mellitus,2
int-407,2
integrators,2
interleukin 13,2
interleukin 17,2
interleukin 3,2
interleukin 6,2
interleukin-1 receptor antagonist,2
interleukin-2 receptor,2
interleukin-22 production,2
interleukin-23,2
interleukin-8 production,2
interleukin-8 secretion,2
intestinal atresia,2
intestinal cancer,2
intestinal fatty acid-binding protein,2
intestinal trefoil factor,2
intestine-407 cells,2
intracellular signaling,2
intracellular signalling,2
intractable diarrhea of infancy,2
iron acquisition,2
iron sucrose,2
isl,2
isoflavone,2
isoliquiritigenin,2
isoniazid,2
isotretinoin,2
itf,2
itpase,2
iv-v,2
jaw,2
jejunal epithelial,2
jnk signaling pathway,2
jungle,2
k-ras,2
k. marxianus,2
kappa-carrageenan,2
keratinocyte,2
keto,2
ki-67,2
kidneys,2
killer t cells,2
kras,2
kumara,2
kynurenic acid (kyna,2
l butyrate,2
l-citrulline,2
l-lysine,2
l. bulgaricus,2
l. delbrueckii,2
l. fermentum cect5716,2
l. helveticus,2
l. jensenii,2
l. lactis subsp. cremoris,2
l. paracasei subsp. paracasei,2
l. rhamnosus,2
l. salivarius,2
l. sanfranciscensis,2
la-cs,2
laboratory rat,2
lactase phlorizin hydrolase,2
lactasephlorizin hydrolase,2
lactation,2
lactitol,2
lacto-bacillus rhamnosus gg,2
lactobacillus acidophilus ncfm,2
lactobacillus bulgaricus,2
lactobacillus casei rhamnosus,2
lactobacillus composti,2
lactobacillus fermentum lf1,2
lactobacillus helveticus strain r0052,2
lactobacillus paracasei ssp. paracasei,2
lactobacillus salivarius,2
lactobacillus salivarius subsp. salivarius ucc118,2
lactococcus lactis subsp. cremoris,2
large intestines,2
lcr,2
ldh,2
ldl) cholesterol,2
lecithin,2
les,2
leucin,2
leukocyte chemotaxis,2
leukocyte elastase,2
leukotriene b5,2
leukotriene synthesis,2
licorice,2
lignans,2
limbic system,2
lincomycin,2
linolenic acid,2
lipid rafts,2
lipid storage disorder,2
lipid synthesis,2
lipocalin 2,2
lipoid nephrosis,2
lipoxygenase pathways,2
listeriosis,2
lit,2
lithocholic acid,2
liver cancer,2
liver cancer cells,2
lmg,2
lnp,2
long bones,2
long form,2
longum,2
lor,2
low-density lipoprotein-receptor,2
low-density lipoprotein-receptor binding,2
low-density-lipoprotein,2
low-molecular-weight heparin,2
loxiglumide,2
lpam,2
ls-33,2
ls174t,2
lupus erythematosus,2
luxs,2
lxr,2
lymph-node,2
lymphocyte activation,2
lymphocyte antigen 1,2
lymphocytic gastritis,2
lymphogranuloma venereum,2
lymphoid follicle,2
lymphoid follicles,2
lymphoid nodules,2
lymphoid tissues,2
lymphoma cell lines,2
lymphoproliferative disease,2
lysine,2
lysosomal,2
m ethotrexate,2
m phase,2
m-cells,2
m. avium,2
macrophage cell line,2
macrophage homeostasis,2
magi2,2
male infertility,2
maltase activity,2
maltose-binding,2
mammalian target of rapamycin,2
manganese superoxide dismutase,2
mangifera indica l,2
mangostin,2
mannan-binding,2
mannose,2
map kinase,2
map kinase activity,2
mapk signaling,2
marijuana,2
marrow,2
mas,2
mastocytes,2
mastocytosis,2
matrix metalloproteinase-9,2
max-epa,2
mbd2,2
mbp,2
mce,2
mcm6,2
mechanistic target of rapamycin,2
mefv,2
mek,2
melatonin binding,2
melkersson-rosenthal syndrome,2
memories,2
memory t cells,2
men-1,2
meningoencephalitis,2
menopause,2
menstrual cycle phase,2
meridian,2
metalloproteinase inhibitors,2
methionine adenosyltransferase 1a,2
methyl-prednisolone,2
methylanisole,2
methylene tetrahydrofolate reductase,2
methylmalonic acid (mma,2
methylnaltrexone,2
methylthioadenosine (mta,2
milnacipran,2
minocycline,2
mir-143,2
mir-145,2
mirtazapine,2
mitochondrial protein,2
mixed subtypes,2
mk-1,2
mk-2,2
mk-3,2
mm h,2
mma,2
mmp-3,2
mmp-9,2
mmp9,2
mn,2
monkeys,2
monocyte-derived dendritic cells,2
montelukast,2
motion sickness,2
motionless,2
moxifloxacin,2
mtorc1,2
mu opioid receptor,2
muc2 mouse,2
mucin-1,2
mucin-2,2
mucous cell,2
mucous membranes,2
multiple endocrine neoplasia-type 1,2
muscle wasting,2
mycobacterium,2
mycobacterium avium ssp. paratuberculosis,2
mycobacterium tuberculosis,2
mycosis,2
myelin basic protein,2
myelodysplastic disorder,2
myeloid differentiation primary response gene,2
myo9b,2
myocardial infarction,2
myod,2
myosin light-chain kinase,2
n group,2
n-3 polyunsaturated fatty acid,2
n-acetylgalactosamine,2
n-acetylgalactosamine-4-sulfate,2
na,2
nadph oxidase complex,2
naloxegol,2
naphthoflavon,2
nasal tolerance,2
ncm460 cell,2
ncq,2
ndo,2
nemo,2
neuroblastoma,2
neuroendocrine cell,2
neurogenesis,2
neuron,2
neurotrophin-3,2
neutrophil cytosolic factor 1,2
nf-e2-related factor 2,2
nf-kb,2
nfa,2
ngf,2
nicotinic acid,2
niemann-pick disease type c1,2
nipple,2
nitrogenase,2
nitroimidazole,2
nitrotyrosine,2
nkx2-3,2
nlrp3 inflammasome,2
no synthase activity,2
nob,2
noc,2
nod1,2
non-small cell lung cancer,2
norovirus,2
nos activity,2
nox2,2
npc1,2
ns8,2
nuclear respiratory factor 2,2
o113,2
octanoic acid,2
octreotide acetate,2
octyl acetate,2
octylonium bromide,2
oculocutaneous albinism,2
ohb,2
olea europaea l,2
oleanolic acid (oa,2
oligopeptide transporter,2
oltipraz,2
omega 6 fatty acids,2
omega-3- fatty acids,2
oocysts,2
opioid receptor,2
opsonin,2
orchitis,2
organ-system,2
oriental,2
origanum dictamnus,2
ornithine transcarbamylase deficiency,2
orv,2
osteoblasts,2
osteocalcin,2
osteoclasts,2
otilonium bromide,2
ovotransferrin,2
ovt,2
oxoglutarate,2
p-nf,2
p. acidilactici,2
p. freudenreichii,2
p. pentosaceus,2
p300,2
p38 map kinase,2
p44,2
p47,2
p70s6k1,2
pancreatic cancer,2
pantothenic acid,2
par-4-ap,2
parasitism,2
pard3,2
paricalcitol,2
parp,2
pars,2
pasture,2
pavlovian conditioning,2
paxillin,2
pbd2,2
pd-1,2
peanuts,2
pectins,2
pediococcus,2
pelvic inflammatory disease,2
penis,2
pept-1,2
peptide hormone,2
peptidoglycan recognition,2
pericardial,2
peripheral blood cells,2
peripheral nervous system,2
peritoneal,2
peritoneum,2
peroxisome,2
pglyrp-1,2
ph (2,2
pharyngitis,2
pharynx,2
phe,2
phenylalanine (phe,2
phorbol 12-myristate 13-acetate,2
phospho-erk,2
phrenic,2
pilus,2
pinoresinol,2
pituitary growth hormone,2
pizza,2
placenta,2
plant sterols,2
platelet storage pool deficiency,2
platinum,2
pltr,2
pnn,2
poi,2
pols,2
polyglutamate,2
polyphosphate kinase,2
polysaccharides,2
porphyromonas,2
preadipocytes,2
pregnane x receptor,2
primary myelofibrosis,2
programmed cell death protein 8,2
programmed cell death-1,2
propionibacterium freudenreichii ssp. shermanii,2
propionic acid,2
prostatitis,2
protease activity,2
protease inhibitor,2
proteasome pathway,2
protein degradation,2
protein modification,2
protein phosphatase 2a,2
proteinase-activated receptor,2
proteinase-activated receptor-2,2
proteus,2
prothrombin,2
ps2,2
pseudomonas,2
psil,2
psoas,2
pss,2
ptger4,2
ptpsigma,2
puc,2
pulmonary fibrosis,2
pumpkin seed,2
pxr,2
pyrexia,2
pyrin,2
pyroptosis,2
pyruvate acetal,2
qki,2
quadriceps,2
racecadotril,2
reca,2
reduced glutathione,2
reductase,2
reflex,2
reg,2
regulation of cytokine production,2
regulation of inflammatory responses,2
regulation of transport,2
regulatory t cell,2
regulatory t-cell,2
regulatory t-lymphocyte,2
rela,2
renal epithelia,2
renal glomeruli,2
response to antibiotic,2
response to lipid,2
response to nutrients,2
response to testosterone,2
reticuloendothelial system,2
retroviral,2
rhamnose,2
rheumatic disease,2
rho gdi alpha,2
rho-gdp dissociation inhibitor alpha,2
rhode,2
rhythm,2
ribosomal,2
rickets,2
rifamixin,2
rifampicin,2
rifamycin,2
right atrium,2
rikenellaceae,2
ror,2
rorc,2
rosacea,2
rosiglitazone,2
rotaviral,2
rps6,2
s cerevisiae,2
s. aureus,2
s6k1,2
s6k2,2
saccharase,2
salmonella enterica,2
salmonella infection,2
salmonella-infection,2
salmonellosis,2
same,2
samp1,2
sandostatin,2
saz,2
scad,2
scn5a,2
scrotal,2
scrotum,2
sd 11,2
sd 18,2
sd 5,2
sdc,2
selenium homocholic acid taurine,2
selenium-glutathione peroxidase,2
selenoprotein,2
semg,2
sequestering,2
ser-p,2
serine protease activity,2
serine-protease activity,2
serotonin metabolism,2
severe combined immunodeficiency,2
sf2,2
sfrp1,2
sh-sy5y cells,2
short chain fatty acid metabolism,2
short gut syndrome,2
short-chain fatty acid formation,2
short-gut syndrome,2
sicus,2
signalling cascade,2
signet-ring cell carcinoma,2
silastic,2
silicon,2
sitosterol,2
skeletal muscles,2
skeleton,2
skin disease,2
slc15a1,2
slc22a23,2
slope,2
smad,2
smad2,2
small bowel transit,2
small intestinal transit,2
small-intestine transit,2
socs3,2
sodium fluoride,2
sodium selenite,2
soles,2
sox17,2
sp-333,2
spasm,2
spasmolytic polypeptide,2
sphingosine,2
sphingosine-1-phosphate,2
spinach,2
spirulina,2
sps,2
sputum,2
sr140333,2
srs,2
ssi,2
sst,2
ssz,2
sta,2
starch breakdown,2
stat-1,2
stat1,2
stationary-phase,2
stearic acid,2
step 1,2
stimulation of appetite,2
stomach cancer,2
stomatitis,2
strain m-17,2
strains b,2
streptococci,2
streptococcus macedonicus aca-dc 198,2
streptococcus oralis,2
streptococcus pneumoniae,2
streptococcus salivarius,2
streptomycin,2
stress fiber,2
stromal cells,2
stromelysin-1,2
stx2b,2
styrax japonica,2
subcutaneous fat,2
succus entericus,2
sugar(s,2
sulfazalazine,2
sulphonic acid,2
superior mesenteric vein,2
suppressor of cytokine signaling-1,2
suppressors of cytokine signaling,2
surface epithelial,2
survivin,2
synovium,2
syphilis,2
t3s,2
t60,2
t90,2
taste buds,2
taste receptors,2
tastes,2
tc17,2
tcn2,2
tec,2
technetium-99m,2
teck,2
teicoplanin,2
ten 2,2
tendinitis,2
terminal deoxynucleotidyl transferase,2
testicle,2
tff,2
tff3,2
tfg,2
tg2,2
tgf-beta signalling,2
tgfbeta,2
tgfbeta type i receptor,2
th-1,2
th-2,2
th0,2
th17 immune response,2
thienam,2
thiocyanate,2
thiosulfate sulfurtransferase,2
thromboxane,2
thromboxane b2,2
thymine,2
thymus expressed chemokine,2
tid,2
timp-1,2
tissue inhibitor of metalloproteinase,2
tl1a,2
tlr 7,2
tlr-2,2
tlr-4,2
tls,2
tmao,2
tn-3,2
tnf production,2
tnf-alpha inhibitor,2
tnfr2,2
tnfsf15,2
tocopherols,2
toll like receptor,2
toll like receptor 4,2
toll-like-receptor,2
topoisomerase i,2
tosilate,2
toxin synthesis,2
toxoplasma gondii,2
toxoplasmosis,2
trans-4-hydroxy-2-nonenal,2
trans-cinnamaldehyde,2
transactivation,2
transforming growth factor beta,2
transient ischemic attacks,2
trefoil factor 3,2
trem-1,2
triiodothyronine,2
trinitrobenzenesulfonic acid,2
triphosphatase,2
triterpene,2
tropheryma whipplei,2
tropomyosin,2
trypsin-inhibitor,2
tslp,2
tube formation,2
tumor necrosis factor superfamily,2
tumor-necrosis factor,2
tuna,2
twenty-four,2
tx 527,2
type 2 diabetes mellitus,2
type e,2
type i diabetes,2
type i hypersensitivity,2
tyrosol,2
uc 5,2
unclassified ruminococcaceae,2
unfolded protein response,2
urea cycle,2
urease,2
urogenital tracts,2
vaccinium myrtillus,2
vagal,2
varicella,2
vascular cell,2
vascular endothelium,2
vdr signaling,2
vegfr,2
venlafaxine,2
vero cell,2
verrucomicrobia,2
vesiculitis,2
vibrio harveyi,2
vigna unguiculata,2
vil-1,2
villin-1,2
viral disease,2
viral hepatitis a,2
vitamin b12 deficiency,2
vitamin b8,2
vitamin d signaling,2
vitamin k1,2
vk3,2
vla-4,2
vs 44,2
vs 55,2
water homeostasis,2
water solution,2
wernicke encephalopathy,2
white matter,2
white-matter,2
whole blood,2
wif1,2
xenobiotic metabolism,2
xiap,2
xylose-isomerase,2
y 10,2
y. enterocolitica,2
yne,2
z-yvad-fmk,2
zes,2
zinc acetate,2
zingerone,2
1 may,1
"1,4-pentadien-3-one",1
10) b,1
11 u,1
12 o,1
12) c,1
13) c,1
13co2,1
15dpgj2,1
17 t,1
18-hepe,1
19-kda,1
2 gb,1
2-ag,1
2-arachidonoyl-glycerol (2-ag,1
2-fluorobenzylidene,1
2-mda,1
2-mercaptoethanol,1
20 e,1
20 kda,1
21-kda,1
28s rrna,1
29-kda protein,1
2lb,1
3 lc,1
3 of 9,1
3 to 6,1
3-cpm,1
3-hydroxy-anthranilic acid dioxygenase,1
3-indolepropionic acid,1
3-indolylacetic acid,1
3-phenylpropionic acid,1
3-phosphoadenosine,1
3-pyridyl,1
3-sialyllactose,1
30 kda,1
33-kda,1
3gr,1
3p26,1
4-aminosalicylic acid,1
4-hydroxy-2-nonenal,1
4-hydroxyphenylacetic acid,1
"4-vinyl-2,6-dimethoxyphenol",1
44 u,1
5 aminosalicylic acid,1
5 to 3,1
5 vs -0,1
5-(4-benzyloxyphenyl,1
5-acetylsalicylic acid,1
5-aminosalicylic-acid,1
5-epimerase-4-reductase,1
5-fluorouracil,1
5-hiaa,1
5-ht 3,1
5-ht 4,1
5-ht1a,1
5-hydroxyindolacetic acid,1
5-hydroxytryptamine receptor,1
5-methoxyindole-3-carboxylic acid,1
55 kda,1
5c11,1
6-amino,1
6-gingerol,1
6-hydroxymelatonin sulphate,1
60s ribosomal subunit,1
6h-purine,1
6q21,1
7-dehydrocholesterol,1
8-methoxypsoralen,1
8-ohdg,1
9-cis,1
9-cis beta-carotene,1
a_22018,1
a-22018,1
a-to,1
a2-165,1
a2b,1
abate,1
abcb1,1
abcd2,1
abdominal cavity,1
abl,1
ac 5,1
ac-5,1
acalculous cholecystitis,1
ace,1
acetylcholine receptor,1
acetylcholinesterase activity,1
acf,1
ach,1
acquired immune deficiency syndrome,1
acquired immune responses,1
acromegaly,1
act i,1
actinobacteria,1
actinomycetales,1
actinomycetes,1
action potentials,1
activator,1
acute cholecystitis,1
acute disseminated encephalomyelitis,1
acute leukemia,1
acute myocardial infarction,1
acute pharyngitis,1
acute respiratory failure,1
adenine (5,1
adenopathy,1
adenosine 2b,1
adenosine deaminase,1
adenosine receptor,1
adenosine triphosphate (atp,1
adenoviral,1
adenyl cyclase,1
adenylate cyclase activity,1
adherens junction,1
adp ribosyltransferase,1
adrenal gland,1
adrenal glands,1
ads,1
adult disease,1
age 2,1
aggression,1
aic,1
akp3,1
akp6,1
akr1c3,1
al-ps,1
alb,1
alcohol abuse,1
aldh1,1
alimentary canal,1
all m,1
all trans-beta-carotene,1
all-trans-retinoic acid (atra,1
allergic contact dermatitis,1
alligator,1
alln,1
alopecia,1
alopecia areata,1
alpha 1-antitrypsin,1
alpha subunit,1
alpha-2,1
alpha-4,1
alpha-actin,1
alpha-lactalbumin,1
alpha1-acid glycoprotein,1
alpha1-antichymotrypsin,1
alpha1-antitrypsin,1
alpha2-adrenergic receptor,1
alpl,1
alvimopan,1
amalgam,1
amino-salicylate,1
amino-salicylic-acid,1
aminoethyl carbazole (aec,1
aminopeptidase,1
ammonium urate,1
amphotericin,1
amphotericin b,1
ampk activity,1
amygdalin,1
anaplastic lymphoma kinase,1
anchovies,1
angioedema,1
angiostrongylus cantonensis,1
angiotensin-converting enzyme,1
angular cheilitis,1
anion channel,1
anisakidae,1
anisakis,1
anisakis pegreffi,1
anisakis simplex,1
anismus,1
ankyrin,1
anterior cingulate cortex,1
anterior pituitary gland,1
anterior uveitis,1
anti-inflammatory responses,1
anti-oxidant activity,1
antimigraine,1
antiphospholipid syndrome,1
antithrombin,1
aortic aneurysm,1
aos,1
ap-1,1
aphasia,1
apical polarity,1
apoptotic cell clearance,1
approximated,1
arachidonic acid (20:4n-6,1
arachidonic acid metabolism,1
aranda,1
arca,1
archaea,1
arginine (arg,1
arteries,1
arvelexin,1
ascorbyl palmitate,1
asta,1
astragali,1
ataxia telangiectasia,1
atorvastatin,1
atp regeneration,1
atp-binding,1
atra,1
aur,1
auraptene,1
aus,1
auto-immune disease,1
autoimmune hemolytic anemia,1
autonomic neuropathy,1
autotransporter,1
avoparcin,1
aza)/mercaptopurine,1
azo reductase,1
azoreductase,1
azt,1
b gene,1
b-alpha,1
b-cell cll/lymphoma 10,1
b-cell receptor,1
b. adolescentis,1
b. bifidum,1
b. coli,1
b. dentium,1
b. ginsengisoli,1
b. pseudocatenulatum,1
b.d,1
b52,1
bacterial overgrowth syndrome,1
bacteroidales,1
bactrian camel,1
balantidium coli,1
basal cell,1
basic red,1
bay k 8644,1
bbl,1
bcl,1
bcl2,1
beclometasone dipropionate,1
beclomethasone dipropionate,1
bel,1
benign intracranial hypertension,1
benzhydroxamic-acid,1
benzocaine,1
benzocycloheptathiophene,1
beta 2-microglobulin,1
beta-cd,1
beta-cryptoxanthin,1
beta-cyclodextrin,1
betaine,1
betalactoglobulin,1
betamethasone,1
betamethazone,1
between brain,1
bha,1
bile duct,1
bile ducts,1
bim,1
bioreactor,1
bisacodyl,1
bisphosphonates,1
bjh,1
black tea,1
bladder wall,1
blastocystis sp,1
blastocystis st3,1
blastocysts,1
blood cancer,1
blood disease,1
blood plasma,1
blood platelet,1
blood vessel,1
bmm,1
bnc,1
body growth,1
boldine,1
boldo,1
bone marrow derived-macrophages,1
bone marrow-derived macrophages,1
bone remodeling,1
bone-marrow-derived macrophages,1
bos indicus,1
bosutinib,1
brain edema,1
brain stem,1
brainstem,1
brassica rapa,1
brd2,1
breast carcinoma,1
bronchial hyperreactivity,1
bronchiolitis obliterans,1
brown algae,1
brucella abortus,1
brucella melitensis,1
brucellosis,1
brush,1
bruton tyrosine kinase,1
buffy,1
bumper,1
burkholderia ginsengisoli,1
buspirone,1
butanoyl,1
c. albicans,1
c. botulinum,1
c. difficile p30,1
c. parvum,1
c. rodentium,1
c. species,1
c/ebp homologous protein,1
c13orf31,1
c1q,1
c7g,1
caeca,1
cafeteria,1
caffeic acid phenethyl ester,1
calcium-sensing receptor,1
calreticulin,1
calycosin,1
camelidae,1
camelus,1
campylobacter coli,1
candida rugosa,1
cannulas,1
canola,1
caprelsa,1
caps,1
caraway,1
carbohydrate utilization,1
carbon-13,1
card9,1
cardia,1
cardiac conduction,1
cardiac tamponade,1
cardiopulmonary arrest,1
carpal tunnel syndrome,1
casp3,1
caspase 1,1
caspase 3,1
caspase 8,1
caspase activation,1
caspase-12,1
castleman disease,1
catalase activity,1
catalase peroxidase,1
catalase-peroxidase,1
cataracts,1
catchment,1
catechin,1
catechol-o-methyl transferase,1
cath,1
cathepsin b,1
cavernous sinus thrombosis,1
cck-8,1
cck-a,1
ccl-20,1
ccl3,1
ccl4,1
ccnd2,1
cd 68,1
cd027,1
cd117,1
cd127,1
cd160,1
cd163,1
cd1d,1
cd209,1
cd36,1
cd39,1
cd83,1
cd98,1
cdk6,1
cea,1
cefadroxil,1
cefixime,1
cefotaxime,1
cefpodoxime,1
cefpodoxime proxetil,1
cefuroxime axetil,1
celecoxib,1
celiac artery compression syndrome,1
cell cycle regulators,1
cell division,1
cell polarity,1
cell-membrane,1
cellular homeostasis,1
cellular localisation,1
cellular localization,1
cellular process,1
central nervous system disease,1
central nervous system disorder,1
central nervous systems,1
cephalexin,1
cereal,1
cerebellum,1
cerebral palsy,1
cerebrovascular disease,1
cerulein,1
ceruloplasmin,1
cetirizine,1
cf-1,1
cftr,1
cgb,1
chemical stimuli,1
chemoattractant,1
chemokine response,1
chlorine,1
cholesterol crystal-induced,1
chromatin,1
chromium-51,1
chronic hepatitis b,1
chronic hepatitis c,1
chronic inflammatory responses,1
chronic mesenteric ischemia,1
chronic myelomonocytic leukemia,1
chylomicron,1
ci 1,1
ciclosporine,1
ciliary muscles,1
cimetidine,1
cinc-1,1
cir) budesonide,1
citrus pectin,1
ckd,1
cks,1
cl3,1
claudin 1,1
claudin-3,1
clca4,1
cleaved caspase-3,1
clinical samples,1
clonorchis sinensis,1
clostridiales,1
clostridium clostridioforme,1
clostridium colinum,1
clostridium difficle,1
clostridium innocuum,1
clostridium perfringens type a,1
clostridium septicum,1
clostridium spiroforme,1
clostridium tetani,1
cmpa,1
co-trimoxazole,1
coastal,1
cobble,1
cocaine,1
cocaine abuse,1
cocoa,1
colesevelam,1
collagen iv,1
collagen metabolism,1
colonic adenocarcinoma,1
colonic epithelial cell lines,1
colonic lymphoma,1
colonic muscle,1
colonic pseudo-obstruction,1
colony morphology,1
colony-stimulating factor 1,1
colorectal adenocarcinoma,1
colorectal adenocarcinoma cells,1
colorectal cancer cell line,1
colorectal cancer cells,1
combat disease,1
common cold,1
common variable immunodeficiency,1
comt,1
congestive heart failure,1
congo red,1
connective tissue disease,1
conotoxin,1
conus victoriae,1
copper sulfate,1
corchorus olitorius l,1
coronary arteries,1
coronary artery disease,1
coronary vasospasm,1
cortical blindness,1
corticotropin-releasing factor receptors,1
cortisol responses,1
corynebacterium diphtheriae,1
course,1
cox-1,1
cr 2,1
cr1,1
crc cell,1
creatinine (s-cr,1
cris,1
crohn_s disease,1
cronobacter,1
croton,1
crth2,1
crude oil,1
cryptosporidial,1
csf-1,1
csf-1 receptor,1
csf-1r,1
csf1,1
csf1r,1
ct26,1
ctla4,1
cu-zn sod,1
cumin,1
curli,1
cutaneous t-cell lymphoma,1
cv6209,1
cvid,1
cxcl-10,1
cxcl1,1
cxcl2,1
cyclic guanosine monophosphate,1
cyclic neutropenia,1
cyclin e,1
cyclo-oxygenase-2,1
cyclohexylalanine,1
cyclooctatetraene,1
cyp11a1,1
cyp11b1,1
cyp26a1,1
cyp2d6,1
cyp3a4,1
cyp3a5,1
cyst,1
cysteine aspartic acid,1
cysteine-proteases,1
cystic fibrosis transmembrane-conductance regulator,1
cytochrome c,1
cytochrome c oxidase,1
cytokine activity,1
cytolysin,1
cytosine,1
cytoskeletons,1
cytotoxic t lymphocyte,1
cytotoxic t-lymphocyte,1
d and 1,1
d and 5,1
d-cha,1
d-glucopyranoside,1
d-glucoside,1
d-lactate,1
d-xylose,1
"d,l-methionine",1
d. fragilis,1
da-ibs,1
dads,1
daidzin,1
dairies,1
danazol,1
darunavir,1
dasatinib,1
death receptor 3,1
death-receptor,1
dectin-1,1
defecations,1
defensin-5,1
dehydroepiandrosterone-sulfate (dhea-s,1
deionized water,1
delta-opioid receptor,1
deoxyguanosine,1
dephosphorylation,1
deptor,1
detection of bacterial,1
determinate,1
detrusor muscle,1
dets,1
dex,1
dexamethasone,1
dexloxiglumide,1
dextromethorphan,1
diap,1
diaphragm muscle,1
diazepam,1
dibs,1
dibutyl phthalate (dbp,1
dibutyl sebacate,1
didanosine,1
diethyl phthalate (dep,1
diethylene triamine pentacetate,1
diferuloylmethane,1
digitoflavone,1
diisothiocyanostilbene,1
dimethylcurcumin,1
dinitrobenzene sulfonic acid,1
dinitrophenol,1
dipeptidyl peptidase-iv,1
diphtheria,1
dissatisfaction,1
disseminated intravascular coagulation,1
diverticulum,1
dmbt1,1
dna 6,1
dna replication,1
dna-binding,1
dnb,1
domestic cattle,1
dop,1
dorsal root ganglion,1
dq1,1
dr3,1
drain,1
dro,1
drug metabolism,1
drug resistance,1
dry eye syndrome,1
dsv,1
duck,1
dumping syndrome,1
duodenal obstruction,1
e uc,1
e. avium,1
e. coli b,1
e. coli o103:h25,1
e. coli o157 : h7,1
e. coli o55:h7,1
e11,1
e2f3,1
e3 ubiquitin protein ligase,1
each m,1
eating behaviours,1
ec cell,1
echo,1
ecm1,1
ecpa,1
ect,1
ecto,1
ectodermal dysplasia,1
ef-1,1
egds,1
egg albumin,1
egg whites,1
egg yolk,1
eggshell,1
egr-1,1
elafin,1
elbow,1
electrolyte homeostasis,1
elobixibat,1
embryonic stem cell,1
emu,1
en y,1
enalapril,1
encephalomalacia,1
end-stage renal disease,1
end-stage renal failure,1
endocardial,1
endocrine signaling,1
endocytosis,1
endometrium,1
engraulis encrasicolus,1
entecavir,1
enterobacter,1
enterococcus gallinarum,1
enterodes,1
eos,1
eosinophil degranulation,1
eosinophil migration,1
epcam,1
ephedra,1
ephedra sinica,1
ephedrine,1
epidural abscess,1
epithelial cell adhesion molecule,1
epithelial to mesenchymal transition,1
epo,1
epox,1
epoxyeicosatrienoic acid,1
equipoise,1
erbb4-egfr,1
erectile dysfunction,1
eriocitrin,1
erysipelotrichales,1
escherichia coli 0157:h7,1
escherichia coli o111,1
esomeprazol,1
esomeprazole,1
esophageal candidiasis,1
esophageal varices,1
espn,1
estrogen receptor,1
ethylene diamine tetracetate,1
eudragit,1
eudragit s,1
eukaryota,1
european elder,1
exchange transporters,1
exocrine pancreas,1
extrapulmonary tuberculosis,1
ezrin,1
f. varium,1
faah,1
factor 5a,1
faecalibacterium,1
faims,1
familial cold urticaria,1
famin,1
famotidin,1
famotidine,1
fascial,1
fasn,1
fatty acid amide hydrolase,1
fatty acid translocase,1
faults,1
feeding behavior,1
feia,1
ferroportin,1
ferrous iron,1
fgf19,1
fibroblast growth factor 19,1
finger,1
fingolimod,1
fissures,1
fitc-dextran,1
fk 506,1
flank,1
flavin adenine dinucleotide,1
flies,1
flightless,1
flotillin-1,1
fludarabine,1
fluocortolone,1
fluoxetine,1
fluticasone propionate,1
fndc4,1
fndc5,1
focal segmental glomerulosclerosis,1
follicular lymphoma,1
fondaparinux,1
fosamax plus d,1
foxp3 protein,1
fpe,1
fpn,1
fructose transport,1
fsg,1
fsh,1
fsn,1
fucosyl,1
fulminate,1
fumaric acid,1
furosemide,1
fusobacteriaceae,1
fusobacterium,1
fusobacterium varium,1
g alpha i2,1
g-protein-coupled receptor 43,1
g. intestinalis,1
g. lucidum,1
gallbladder disease,1
galphai,1
galt,1
gamma glutamyl transferase,1
gastric adenocarcinoma,1
gastric dilatation,1
gastric mucosal,1
gastrin,1
gastro-enteritis,1
gastrointestinal smooth muscle,1
gastropathy,1
gata-3,1
gcap,1
gdcd,1
gdp-4-keto-6-deoxymannose,1
"gdp-mannose 4,6-dehydratase",1
gemini,1
gene 1,1
generalized arterial calcification of infancy,1
genistin,1
genitourinary tract,1
geraniol,1
geranyloxy,1
gf d,1
ghosts,1
ghrelin receptors,1
giant cell arteritis,1
giardia duodenalis,1
giardia intestinalis,1
gingival hypertrophy,1
ginseng,1
gland,1
glans penis,1
glaucoma,1
gliotoxin,1
globus pallidus,1
glomerular endothelial,1
glomerular endothelial cells,1
glp-1 0,1
glp-1r,1
glpg0634,1
glucagon-like peptide-2 receptor,1
glucose bicarbonate,1
glucose transporters,1
glucose-galactose,1
glucosyltransferase,1
glucosylxanthone,1
glucuronic acid conjugates of bilirubin,1
glucuronidase,1
glut1,1
glutamyl cysteine,1
glutathion,1
glutathione peroxidase 2,1
gluteus,1
glybenclamide,1
glycans,1
gm-csf production,1
gmds,1
gne,1
goats,1
goblet cell,1
golytely,1
gonadal dysgenesis,1
gonadotropin-releasing hormone,1
gorilla,1
gpx3,1
gpx4,1
granulocyte colony-stimulating factor,1
granulocyte macrophage colony stimulating factor,1
granulocyte macrophage colony-stimulating factor,1
granulocyte-macrophage colony stimulating factor,1
granzyme a,1
granzyme b,1
grape,1
gro,1
groin,1
group ia,1
group iia,1
group iv,1
group v,1
growth hormones,1
growth plates,1
gspe,1
guanosine diphosphate,1
guanylate cyclase,1
guinea pig,1
gut-microbiome,1
h group,1
h ph,1
h. hepaticus,1
h2(18)o,1
hace1,1
half life,1
hantavirus pulmonary syndrome,1
haptoglobin,1
has,1
hawthorn,1
hb 12,1
hbe,1
hbv,1
hct116 cell,1
heat shock protein 110,1
heat-shock protein,1
helicobacter hepaticus,1
helminth infection,1
helper cell,1
hemolyticuremic syndrome,1
hemorrhoid,1
hemostasis,1
henoch-schonlein purpura,1
hep-2 cells,1
heparan sulfate,1
hepatic artery,1
hepatic coma,1
hepatitis c virus,1
hepato cellular carcinoma,1
her 11,1
hereditary angioedema,1
hereditary non polyposis colorectal cancer,1
heregulin,1
herpesviridae,1
hespan,1
hesperidin,1
hg,1
hg-9-91-01,1
hiatal hernia,1
high blood pressure,1
high-affinity fc receptor,1
hindlimbs,1
his 8,1
histamine responses,1
histidine decarboxylase,1
histiocytosis,1
histoplasma capsulatum,1
histoplasmosis,1
hla-dqa1,1
hormone secretion,1
horses,1
host-pathogen interactions,1
houseflies,1
hpp,1
hrd1,1
hsa-let-7b-5p,1
hsa-mir-124-3p,1
hsa-mir-192-5p,1
hsa-mir-301a-5p,1
hsa-mir-423-3p,1
hsa-mir-495-5p,1
hsa-mir-99a-5p,1
hsp10,1
hsp105,1
hsp110,1
hsp90,1
human embryonic kidney cells,1
human endogenous retroviruses,1
human immunodeficiency virus 1,1
human immunodeficiency virus type-1,1
human papilloma virus,1
human uc,1
human umbilical vein endothelial cells,1
humeral,1
hydro lysate,1
hydrochloride,1
hydrocinnamate,1
hydrocortisone-21 sodium succinate,1
hydrogen sulfide (h2s,1
hydroperoxide,1
hydroperoxides,1
hydroxy-l,1
hydroxychloroquine (hcq,1
hydroxyeicosatetraenoic acid,1
hydroxyl radical,1
hydroxyzine,1
hyperaldosteronism,1
hyperinsulinemia,1
hyperostosis,1
hyperphosphatemia,1
hypersensitivity pneumonitis,1
hyperthyroidism,1
hypertrichosis,1
hypogastric arteries,1
hypokalemia,1
hypoparathyroidism,1
hypophosphatasia,1
ias,1
ibat,1
ibl,1
ibrutinib,1
ibs,1
icn,1
icoslg,1
idiopathic pulmonary fibrosis,1
idp,1
ifn-beta,1
ifng,1
ifng-as1,1
ifngamma,1
iga,1
iga deficiency,1
igfbp-1,1
igfbp-3,1
ikappab-alpha,1
ikca1,1
ikkgamma,1
il-1 secretion,1
il-10 receptor,1
il-10rb,1
il-12b,1
il-15 production,1
il-17f,1
il-1beta production,1
il-22bp,1
il-23 receptor,1
il-33 signaling,1
il-34,1
il-4 production,1
il-6r,1
il1,1
il1 beta,1
il1-receptor,1
il10 receptor,1
il10ra,1
il17a,1
il1r,1
il1r1,1
il2 receptor,1
il34,1
ilc,1
iminodibenzoic acid,1
imipramine,1
immune complex formation,1
immune-response,1
immune-system,1
ims,1
incretin hormone,1
"indoleamine 2,3-dioxygenase",1
inf-gamma,1
inferior mesenteric artery,1
inferior vena cava,1
inflammasomes,1
inflammatory-bowel disease,1
inhibition of cell adhesion,1
inhibition of dna repair,1
inhibition of gsk,1
inhibition of transcription factors,1
innate immunities,1
inosine triphosphatase,1
insulin like growth factor binding,1
insulin like growth factor i,1
insulin receptor substrate,1
insulin-like growth factor,1
int407 cells,1
integrons,1
intercellular adhesion molecule-1,1
interferon gamma synthesis,1
interferon-alpha,1
interferon-g,1
interleukin -23,1
interleukin 10 receptor,1
interleukin 33,1
interleukin-5,1
interleukin-6 receptor,1
intermediate filament,1
interstitial cells,1
intestinal epithelial cell migration,1
intestinal pseudoobstruction,1
intestinal smooth muscle,1
intestine 407 cells,1
intl1,1
intl2,1
intracranial hypertension,1
iom,1
ion channels,1
ionomycin,1
ionotropic receptors,1
irf-1,1
irf5,1
iridocyclitis,1
iron (fe,1
iron transport,1
iron-acquisition,1
iron-binding,1
irs1,1
islet beta cells,1
isoflavonoids,1
isopropanol,1
isospora,1
ite,1
itln1,1
itraconazole,1
janus kinase 1,1
jc virus,1
jejuna,1
jejuno-ileitis,1
jugular vein,1
jun n-terminal kinase,1
juvenile dermatomyositis,1
kawasaki disease,1
keratin filaments,1
ketamine,1
ketoconazole,1
kidney disease,1
kv1.3,1
kynu,1
kynureninase,1
kynurenine 3-monooxygenase,1
kynurenine aminotransferase,1
l vs,1
l-histidine,1
l-ornithine,1
l-pgds,1
l-taurine,1
l. johnsonii,1
l. murinus,1
labellum,1
labial salivary glands,1
laccase domain-containing 1,1
lactic acidosis,1
lactobacillus group,1
lactococcus,1
lactococcus lactis subsp. lactis,1
lake,1
lamivudine,1
langhans giant cells,1
larva,1
late endosomal,1
lc3-ii,1
lcap,1
lentiviral,1
leponex,1
leptin receptor,1
lessen,1
leucine-rich alpha-2 glycoprotein,1
leuconostoc,1
leucopenia,1
leukotriene b4 synthesis,1
leuprolide,1
levodopa,1
lgd,1
lgr5,1
lidamidine hcl,1
limb,1
lipid homeostasis,1
lipogenesis,1
lipoprotein lipase,1
lithium,1
liver cancer cell,1
liver receptor homolog-1,1
localizations,1
locomotion,1
long noncoding rnas,1
lop,1
loperamid,1
lost 1,1
low molecular weight heparin,1
lower extremity,1
lpf,1
lpl,1
lrg,1
lrh-1,1
lrrk2,1
lt-i,1
ltb5,1
luminol,1
lupus nephritis,1
luteal phase,1
lymphatic filariasis,1
lymphedema,1
lymphnodes,1
lymphocytopenia,1
lymphoid organ,1
lyse,1
lysosomes,1
m 29,1
m 66,1
m group,1
m paratuberculosis,1
m-hydroxyphenylacetate,1
m. avium subsp. paratuberculosis,1
m. smegmatis,1
m. tuberculosis,1
ma huang,1
maackia amurensis,1
macrocytic anemia,1
macrophage activation,1
majonoside r2,1
major acute phase protein,1
mak,1
malaria,1
malignant melanoma,1
mammary gland,1
manganese catalase,1
mangiferin,1
mapk 12,1
mapk 13,1
marasmus,1
march 2008,1
mastication,1
mastitis,1
matrix metallopeptidase 2,1
matrix metallopeptidase 9,1
matrix metalloproteinase,1
matrix-metalloproteinase-9,1
mdm2,1
mean 57,1
meconium,1
medullary thyroid carcinoma,1
mek1/2 inhibitor,1
melphalan,1
membrane proteins,1
membranous,1
membranous glomerulonephritis,1
mental retardation,1
mentha piperita,1
menthol glucuronide,1
menthone,1
mercapto,1
mesacol,1
mesenchymal,1
mesenteric lymph node,1
metabolic disease,1
metalloproteinase,1
metallothionein,1
metallothioneins,1
metaphase,1
methanol,1
methoxyphenyl,1
methyl cellulose,1
methylhistamine,1
methylprednisolone sodium succinate,1
metro,1
mevalonate kinase,1
mevalonate kinase deficiency,1
mexicana,1
mfe,1
mg,1
mhc class ii proteins,1
mhci,1
microsomal triglyceride transfer protein,1
microsporidia,1
microvillus,1
microvillus inclusion disease,1
midazolam,1
midkine,1
mig,1
miller-fisher syndrome,1
mimicks,1
minerals,1
mip-2,1
mir,1
misoprostol,1
mitochondrial electron transport chain,1
mmp-10,1
mmp-14,1
mmp-8,1
mmx,1
mnsod,1
mono-2-ethylhexyl phthalate,1
monobenzyl phthalate,1
monobutyl phthalate,1
monocyte chemotactic protein-1,1
monoethyl phthalate,1
monokine induced by gamma interferon,1
monosodium glutamate (msg,1
mosapride,1
motor neurons,1
mpges-1,1
mr2,1
mrna decay,1
mtz,1
mu-opioid receptor,1
muc,1
muc-3,1
muckle-wells syndrome,1
mucosal mast cell,1
multidrug transporter,1
muramyl dipeptide,1
muscarinic acetylcholine receptors,1
muscarinic receptor,1
muscle cells,1
muscle contraction,1
musculature,1
myc,1
mycobacterium bovis,1
mycobactin,1
mycophenolic acid,1
myelopathy,1
myocarditis,1
myonecrosis,1
myositis,1
myristica fragrans,1
n-acetyl neuraminyl,1
n-acetyl-5-methoxytryptamine,1
n-acetyl-d-galactosamine,1
n-acetylcysteine (nac,1
n-acylphosphatidyl-ethanolamine,1
n-cadherin,1
n-formyl-methionyl-leucyl-phenylalanine,1
n-formylmethionyl-leucylphenylalanine (fmlp,1
n. sativa,1
n/ofq,1
nac,1
nachrs,1
nacht,1
nadph-oxidase,1
nafl,1
nalidixic acid,1
nam,1
nape-pld,1
nat activity,1
nav1.5,1
nci-h716,1
necd,1
necrotizing entero colitis,1
necrotizing entero-colitis,1
nematodes,1
nerd,1
nerve fiber,1
nerve growth factor,1
neuro-endocrine cells,1
neuroendocrine tumor,1
neurogenic bladder,1
neurokinin-2,1
neuronal cell,1
neurosis,1
neurotransmitter release,1
neutrophil chemotaxis,1
neutrophil gelatinase-associated lipocalin,1
ngal,1
ngs,1
nhe3,1
nherf2,1
niacin deficiency,1
nicotinamide adenine dinucleotide,1
nicotinamide adenine dinucleotide phosphate,1
nigella sativa,1
night blindness,1
nitric oxide synthase activity,1
nitric oxide synthetase,1
nitrocellulose,1
nitrofurantoin,1
nk2,1
nkg2d,1
nkp44,1
nle,1
nlrp3 inflammasome activation,1
nociceptin,1
nociceptin/orphanin fq,1
nod2 signaling,1
nod2 signalling,1
non-e,1
nop,1
norepinephrine,1
norfloxacin,1
notch,1
notch1,1
novobiocin,1
npp7,1
nps-2143,1
nr3c1,1
nsip,1
ntx,1
nucleolin,1
nutritional disease,1
o38,1
obestatin,1
obstructive sleep apnea,1
octanoyl,1
octreoscan,1
ofatumumab,1
oleanolic acid,1
olfactory receptors,1
olmesartan,1
ompa,1
onetime,1
opioid receptor like 1,1
or 2.4,1
or 5.2,1
oral region,1
orbital myositis,1
organogenesis,1
oridonin,1
ornithine decarboxylase activity,1
osteitis,1
osteomyelitis,1
outlet,1
over-nutrition,1
oxaliplatin,1
oxidative burst,1
oxpentifylline,1
p--1183,1
p-nitrophenol,1
p27,1
p38 mitogen-activated protein kinase,1
p38delta,1
p38gamma,1
p85,1
paa,1
paeoniflorin,1
paf receptor,1
palmitoylethanolamide,1
palmoplantar pustulosis,1
panax vietnamensis,1
pancreatic duct,1
pandora,1
pantetheinase,1
panther,1
pantoprazol,1
papaya,1
papio,1
par-1,1
parathyroid glands,1
parotid,1
pat1,1
pb90,1
pd-l2,1
pds,1
pediococcus pentosaceus,1
pellagra,1
pemetrexed,1
penicillin v potassium,1
pentanoic acid,1
pepper,1
pept2,1
peptide transporter,1
peptide transporter pept1,1
per 24,1
peracetic acid,1
period--3,1
peripheral nerve,1
peripheral nervous systems,1
peripheral vascular disease,1
periplasm,1
peritoneal macrophage,1
peritrophic membrane,1
pernicious anemia,1
peroxisomes,1
pertussis,1
pethidine,1
pfm,1
pgi,1
pgn,1
phage lambda,1
phenol sulfotransferase,1
phenylacetic acid (paa,1
phenylheptanoylamino,1
phosphatidylinositol 3-kinase,1
phosphoinositide-3-kinase,1
phospholipase a(2,1
phospholipase d,1
phyto,1
pi 3-kinase,1
pigr,1
pika,1
pinworm infection,1
piperidinium,1
pka pathway,1
plaquenil (hydroxychloroquine,1
plasma cell,1
plasma glutathione peroxidase,1
plasma protein,1
plasminogen activator,1
pmo,1
pneumocystis,1
pneumocystis carinii pneumonia,1
pneumocystis jiroveci,1
pneumothorax,1
pnpla3,1
pod2,1
pod3,1
poe,1
poly-l-lysine,1
polyamine metabolism,1
polyamine synthesis,1
polycystic ovary syndrome,1
polyethylene,1
polyethylene glycol 3350,1
polyethylene glycol solution,1
polymeric immunoglobulin receptor,1
polymorphonuclear leukocytes,1
polyneuropathy,1
polyomavirus jc,1
por,1
porcine isolates,1
potassium sorbate,1
potato starch,1
pparg,1
ppargamma,1
ppi,1
predicted protein,1
prednisolone (psl,1
prednisolone metasulfobenzoate,1
premature menopause,1
premenstrual tension,1
premetrexed,1
prepuce,1
primordial,1
prion disease,1
prion protein,1
pro-d,1
procyanidin b1,1
procyanidin b2,1
procyanidins,1
progenitor cell,1
programmed death-1,1
programmed death-ligand 1,1
proliferating cell nuclear antigen,1
propenoic acid,1
propionyl-l-carnitine,1
propofol,1
proptosis,1
propylene amine,1
prostaglandin biosynthesis,1
prostanoid receptors,1
protease inhibitors,1
protectin d1,1
protein c deficiency,1
protein kinase a,1
protein os9,1
protein oxidation,1
protein stabilization,1
protein-like,1
protein-tyrosine phosphatase,1
proteinases,1
proteoglycans,1
proteus vulgaris,1
protoporphyrin,1
prp,1
pseudo-membranous colitis,1
pseudocholinesterase,1
pseudomonas aeruginosa,1
pseudomonas maltophila,1
pseudotumor cerebri,1
pstat,1
psyche,1
psychosomatic disease,1
psychosomatic disorder,1
pt,1
ptr,1
pu.1,1
pudendal,1
pulmonary artery,1
pulmonary-artery,1
pulp,1
punica granatum,1
push,1
putative anion transporter 1,1
pyloric region,1
pyrin domain containing protein 3,1
pyroglu-leu,1
pyroglutamate,1
pyrophosphate,1
q933,1
qi2,1
qi3,1
quercus infectoria,1
quinolinate phosphoribosyl transferase,1
rabbits,1
radish,1
radix,1
raffinose,1
raft,1
rag1,1
raldh2,1
ranitidine,1
rantes,1
ranunculaceae,1
rater,1
raw264.7,1
raynaud syndrome,1
rbc,1
rea,1
rebamipide,1
receptor-1,1
receptor-ligand,1
rectal epithelium,1
reflux esophagitis,1
regional enteritis,1
regulation of appetite,1
regulation of circadian rhythm,1
regulation of il-8 production,1
relaxation of vascular smooth muscle,1
relb,1
renal epithelial cells,1
renal tubules,1
reniten,1
reproduction,1
resolvin d1,1
respiratory bursts,1
response to bile acid,1
response to cpt,1
response to growth hormone,1
response to host,1
response to l-arginine,1
response to nutrient,1
response to tumor necrosis factor,1
response to vasopressin,1
response to viruses,1
restless legs syndrome,1
reticulum,1
retinaldehyde dehydrogenase 2,1
retinoic acid signaling,1
retinol binding protein,1
retinol dehydrogenase 10,1
rett syndrome,1
rhizomes,1
rhodanese,1
rhodococci,1
ria,1
ribavirin,1
ribosomes,1
ricin,1
right atrial,1
rip2,1
river,1
rna n-glycosidase activity,1
rnf186,1
robinsoniella peoriensis,1
rock,1
rosette,1
rosmarinic acid,1
round worm,1
rpc,1
rt4,1
rudimentary,1
rumination,1
s-adenosyl methionine,1
s-cr,1
s-layer,1
s-su2,1
s. isolates,1
s. minimum,1
s. typhi,1
s100a12,1
salazopyrin,1
salicylazosulfapyridine,1
salivary gland,1
salivary glands,1
salmonella braenderup,1
salmonella enterica serovar typhimurium,1
salmonellae,1
salofalk,1
sambucus nigra,1
sapho syndrome,1
sapk,1
saracatinib,1
sarcocarp,1
sarcoma,1
sargramostim,1
sb203580,1
scalp,1
scarlet fever,1
sch 221510,1
scleritis,1
scratch,1
sea,1
sea 3,1
seashore,1
secondary hyperparathyroidism,1
see text,1
see1,1
segmentation,1
seizure,1
sel1l,1
selenium-75,1
selenocysteine,1
selenoprotein p,1
sem,1
semaphorin,1
senna,1
sennoside,1
sephs1,1
sepp1,1
sepsecs,1
serine protease inhibitors,1
serine proteases,1
serotonin receptors,1
serotonin signaling,1
serpin peptidase inhibitor,1
serpinc1,1
serum amyloid a,1
serum amyloid a protein,1
serum/glucocorticoid-regulated kinase,1
set 1,1
severe obesity,1
sg-1,1
sg-3,1
sg-5,1
sgii,1
sgiii,1
sgk1,1
sgs,1
shigella dysenteriae,1
shigella sonnei,1
short form,1
sialylation,1
sik,1
silica,1
simethicone,1
skip,1
slc26a2,1
slc26a6,1
slc7a2,1
slt,1
slug,1
smid,1
smo,1
smooth muscle contraction,1
smv,1
snp a,1
soda,1
sodium azodisalicylate,1
sodium benzoate,1
sodium channel,1
sodium chloride,1
sodium chloride solution,1
sodium hydrogen sulfide,1
sodium mercaptoacetate,1
sodium methanethiol,1
sodium/hydrogen exchanger,1
soils,1
solumedrol,1
solute carrier family,1
sorbitol-non-fermenting,1
sot,1
sound,1
soyasaponin i,1
sparse,1
spastic diplegia,1
sperm,1
spermidine,1
spermine oxidase,1
sphingosine-1- phosphate receptor,1
spikes,1
spina bifida,1
splenin,1
splenocytes,1
spondylitis,1
squamous cell carcinoma,1
src,1
ssu rrna,1
ssurrna,1
st-t,1
staphylococcal food poisoning,1
staphylococcus,1
stat5,1
stationary phase,1
status epilepticus,1
sterile water,1
steroid metabolism,1
steroid-induced osteoporosis,1
sterol,1
stigma,1
stimulation of cell proliferation,1
stimulation of enzyme,1
stimulation of insulin secretion,1
strains pr,1
street,1
streptococcal,1
streptococcus pyogenes,1
streptomycetes,1
stress-activated protein kinase,1
stx 1,1
subcutaneous adipose tissue,1
succinic acid,1
sucralfate,1
sucralose,1
sucrase-isomaltase,1
sugar beet,1
sulfatase,1
sulfation,1
sulfide oxidation,1
sulfide quinone oxidoreductase,1
sulfonylurea,1
sulfur dioxygenase,1
sulfur metabolism,1
sulphation,1
sumatriptan succinate,1
superior mesenteric artery syndrome,1
superior vena cava,1
superoxide anion,1
superoxide radical,1
suprachiasmatic nuclei,1
suprachiasmatic nucleus,1
surface water,1
sw-480,1
sw620 cells,1
swallow,1
sybr green i,1
synonyms,1
synovitis,1
synthetic oligonucleotides,1
systemic mastocytosis,1
systemic sclerosis,1
t cell differentiation,1
t cell polarization,1
t tg,1
t-bet,1
t-cell mediated immunity,1
t-lymphocyte,1
t. suis,1
t3ss,1
t84 cell line,1
tace,1
tacrolimus (tac,1
taenia saginata asiatica,1
talin-1,1
taurolidine,1
tbc,1
team,1
tee,1
temperate,1
temperature homeostasis,1
tempol,1
tenapanor,1
testis,1
tff2,1
tgase ii,1
tgf beta,1
tgf-beta 1,1
tgi,1
th1-like,1
th2,1
th2 cell,1
th9,1
theophylline,1
thermal stimuli,1
thiazole-4-carboxylic acid methyl,1
thiazolidinedione,1
thiol methyltransferase,1
thiopurine methyltransferase activity,1
thiopurine s-methyltransferase,1
thiosulfate,1
thoracic aorta,1
thorax,1
thp1,1
thrombi,1
thrombin,1
thrombocyte,1
thrombocytosis,1
thrombophlebitis,1
thrush,1
thymocytes,1
thymoma,1
thymulin,1
thyroid cancer,1
thyroid gland,1
thyroxine,1
ticlopidine,1
tigecycline,1
timps,1
tinidazol,1
tissue homeostasis,1
tissue inhibitor of metalloproteinases,1
tissue regeneration,1
tissue specific transplantation antigen p35b,1
tln1,1
tlr10,1
tlr3,1
tmb,1
tn5,1
tnf-a,1
tnf-alpha converting enzyme,1
tnfrsf11b,1
tnfrsf6b,1
tnfsf 15,1
tobramycin,1
toll-like,1
toll-like receptor 3,1
tonsillitis,1
tooth,1
torpid,1
toxic mega-colon,1
toxic shock syndrome,1
tpen,1
tps,1
tpsab1,1
trabecular bone,1
tranilast,1
trans-membrane,1
transaminase,1
transferase,1
transglutaminase 2,1
tri-iodothyronine,1
tributyrin,1
trichuris suis,1
triethyl citrate,1
trimebutine maleate,1
trinitrobenzene sulphonic acid (tnbs,1
triptan,1
tripterygium wilfordii,1
trisomy 21,1
troglitazone,1
trophozoites,1
trp-arg,1
trp-his,1
tryptophan-,1
tsta3,1
tumor necrosis factor-alpha inhibitor,1
tumor suppressors,1
tumor-necrosis-factor-alpha,1
turner syndrome,1
type c,1
type iv hypersensitivity,1
type iv pili,1
type-i diabetes mellitus,1
type2 diabetes mellitus,1
types a and b,1
tyramine,1
u0126,1
u937,1
ubash3a,1
ubiquinone,1
unfractionated heparin,1
upper extremity,1
urban area,1
ureter,1
uridine diphosphate,1
urothelium,1
ursodeoxycholic acid (udca,1
ursolic acid,1
uterus,1
v 50,1
vacuoles,1
vagina,1
vaginal discharge,1
vancomycine,1
vanin-1,1
varices,1
vascular smooth muscle cells,1
vascular system,1
vasodilation,1
veillonellaceae,1
venetoclax,1
vermilion,1
versed,1
very-low-density lipoprotein,1
viability,1
vibrio vulnificus,1
vicryl,1
vigabatrin,1
vinegar,1
viral replication,1
virus infection,1
vitamin d metabolism,1
vitamin d(3,1
vitamin d2,1
vitamine,1
vitiligo,1
vnn1,1
vo2,1
voltage-gated sodium channel,1
vs 49,1
vs 87,1
vs 91,1
vt-1,1
vt1,1
vulvovaginitis,1
wa2,1
water transport,1
waxy,1
wells,1
wernicke-korsakoff syndrome,1
whipple disease,1
whole-blood,1
whooping cough,1
withdrawal syndrome,1
worm infection,1
wound-healing,1
xanthine oxidase,1
xbp1,1
yak,1
yin,1
z6020,1
zaltoprofen,1
zebrafish,1
zinc metalloprotease,1
ziziphus jujuba,1
znso4,1
zollinger-ellison-syndrome,1
